地图号,地图名,点序号,列,行,类型,跟随1,跟随2,跟随3
14,転移鏡神殿 转移镜神殿,0,1,f,5(刷怪旋涡),6,6,
14,転移鏡神殿 转移镜神殿,1,b,f,5(刷怪旋涡),6,6,
14,転移鏡神殿 转移镜神殿,2,a,3,20(挖掘点),3c,7,
14,転移鏡神殿 转移镜神殿,3,b,3,20(挖掘点),3c,6,
14,転移鏡神殿 转移镜神殿,4,2,7,1f(采集点),3c,6,
14,転移鏡神殿 转移镜神殿,5,1,b,1f(采集点),3c,6,
14,転移鏡神殿 转移镜神殿,6,3,e,1c,1e,,
14,転移鏡神殿 转移镜神殿,7,9,a,1c,1e,,
14,転移鏡神殿 转移镜神殿,8,5,1,1c,1e,,
14,転移鏡神殿 转移镜神殿,9,6,1,1c,1e,,
14,転移鏡神殿 转移镜神殿,10,7,1,1c,1e,,
14,転移鏡神殿 转移镜神殿,11,2,4,7,b02,1,
14,転移鏡神殿 转移镜神殿,12,6,3,f(治愈点),,,
141,へタレスの迷宮１Ｆ 赫塔雷斯迷宫１Ｆ,0,7,1,8(宝物堆),5,,
141,へタレスの迷宮１Ｆ 赫塔雷斯迷宫１Ｆ,1,7,3,8(宝物堆),cb,f,
141,へタレスの迷宮１Ｆ 赫塔雷斯迷宫１Ｆ,2,6,2,7,411,2,
141,へタレスの迷宮１Ｆ 赫塔雷斯迷宫１Ｆ,3,2,6,1c,18,,
141,へタレスの迷宮１Ｆ 赫塔雷斯迷宫１Ｆ,4,1,5,1c,18,,
141,へタレスの迷宮１Ｆ 赫塔雷斯迷宫１Ｆ,5,1,7,1c,18,,
141,へタレスの迷宮１Ｆ 赫塔雷斯迷宫１Ｆ,6,3,5,1c,18,,
141,へタレスの迷宮１Ｆ 赫塔雷斯迷宫１Ｆ,7,3,7,1c,18,,
141,へタレスの迷宮１Ｆ 赫塔雷斯迷宫１Ｆ,8,4,2,b,,,
141,へタレスの迷宮１Ｆ 赫塔雷斯迷宫１Ｆ,9,1,6,7,b24,2,
141,へタレスの迷宮１Ｆ 赫塔雷斯迷宫１Ｆ,10,6,1,20(挖掘点),36,9,
141,へタレスの迷宮１Ｆ 赫塔雷斯迷宫１Ｆ,11,7,2,1f(采集点),36,9,
142,へタレスの迷宮２Ｆ 赫塔雷斯迷宫２Ｆ,0,4,2,8(宝物堆),a,,
142,へタレスの迷宮２Ｆ 赫塔雷斯迷宫２Ｆ,1,6,1,8(宝物堆),d1,a,
142,へタレスの迷宮２Ｆ 赫塔雷斯迷宫２Ｆ,2,6,2,8(宝物堆),12d,5,
142,へタレスの迷宮２Ｆ 赫塔雷斯迷宫２Ｆ,3,5,1,7,411,1,
142,へタレスの迷宮２Ｆ 赫塔雷斯迷宫２Ｆ,4,1,4,1c,19,,
142,へタレスの迷宮２Ｆ 赫塔雷斯迷宫２Ｆ,5,2,4,1c,19,,
142,へタレスの迷宮２Ｆ 赫塔雷斯迷宫２Ｆ,6,1,5,1c,19,,
142,へタレスの迷宮２Ｆ 赫塔雷斯迷宫２Ｆ,7,1,6,1c,19,,
142,へタレスの迷宮２Ｆ 赫塔雷斯迷宫２Ｆ,8,2,6,1c,19,,
142,へタレスの迷宮２Ｆ 赫塔雷斯迷宫２Ｆ,9,5,2,7,b24,1,
142,へタレスの迷宮２Ｆ 赫塔雷斯迷宫２Ｆ,10,6,9,20(挖掘点),37,9,
142,へタレスの迷宮２Ｆ 赫塔雷斯迷宫２Ｆ,11,4,9,1f(采集点),37,9,
143,へタレスの迷宮３Ｆ 赫塔雷斯迷宫３Ｆ,0,2,4,8(宝物堆),5,,
143,へタレスの迷宮３Ｆ 赫塔雷斯迷宫３Ｆ,1,1,6,8(宝物堆),d1,f,
143,へタレスの迷宮３Ｆ 赫塔雷斯迷宫３Ｆ,2,2,6,8(宝物堆),cf,f,
143,へタレスの迷宮３Ｆ 赫塔雷斯迷宫３Ｆ,3,1,5,7,411,1,
143,へタレスの迷宮３Ｆ 赫塔雷斯迷宫３Ｆ,4,8,4,1c,1a,,
143,へタレスの迷宮３Ｆ 赫塔雷斯迷宫３Ｆ,5,9,4,1c,1a,,
143,へタレスの迷宮３Ｆ 赫塔雷斯迷宫３Ｆ,6,9,5,1c,1a,,
143,へタレスの迷宮３Ｆ 赫塔雷斯迷宫３Ｆ,7,8,6,1c,1a,,
143,へタレスの迷宮３Ｆ 赫塔雷斯迷宫３Ｆ,8,9,6,1c,1a,,
143,へタレスの迷宮３Ｆ 赫塔雷斯迷宫３Ｆ,9,2,5,7,b24,1,
143,へタレスの迷宮３Ｆ 赫塔雷斯迷宫３Ｆ,10,6,1,20(挖掘点),38,9,
143,へタレスの迷宮３Ｆ 赫塔雷斯迷宫３Ｆ,11,4,1,1f(采集点),38,9,
144,へタレスの迷宮４Ｆ 赫塔雷斯迷宫４Ｆ,0,9,4,8(宝物堆),5,,
144,へタレスの迷宮４Ｆ 赫塔雷斯迷宫４Ｆ,1,8,6,8(宝物堆),cd,a,
144,へタレスの迷宮４Ｆ 赫塔雷斯迷宫４Ｆ,2,9,6,8(宝物堆),d0,a,
144,へタレスの迷宮４Ｆ 赫塔雷斯迷宫４Ｆ,3,9,5,7,411,1,
144,へタレスの迷宮４Ｆ 赫塔雷斯迷宫４Ｆ,4,4,8,1c,1b,,
144,へタレスの迷宮４Ｆ 赫塔雷斯迷宫４Ｆ,5,6,8,1c,1b,,
144,へタレスの迷宮４Ｆ 赫塔雷斯迷宫４Ｆ,6,4,9,1c,1b,,
144,へタレスの迷宮４Ｆ 赫塔雷斯迷宫４Ｆ,7,5,9,1c,1b,,
144,へタレスの迷宮４Ｆ 赫塔雷斯迷宫４Ｆ,8,6,9,1c,1b,,
144,へタレスの迷宮４Ｆ 赫塔雷斯迷宫４Ｆ,9,8,5,7,b24,1,
144,へタレスの迷宮４Ｆ 赫塔雷斯迷宫４Ｆ,10,1,6,20(挖掘点),39,9,
144,へタレスの迷宮４Ｆ 赫塔雷斯迷宫４Ｆ,11,1,4,1f(采集点),39,9,
145,へタレスの迷宮５Ｆ 赫塔雷斯迷宫５Ｆ,0,4,9,8(宝物堆),5,,
145,へタレスの迷宮５Ｆ 赫塔雷斯迷宫５Ｆ,1,6,8,8(宝物堆),ce,5,
145,へタレスの迷宮５Ｆ 赫塔雷斯迷宫５Ｆ,2,6,9,8(宝物堆),131,5,
145,へタレスの迷宮５Ｆ 赫塔雷斯迷宫５Ｆ,3,5,9,7,411,1,
145,へタレスの迷宮５Ｆ 赫塔雷斯迷宫５Ｆ,4,4,1,1c,1c,,
145,へタレスの迷宮５Ｆ 赫塔雷斯迷宫５Ｆ,5,5,1,1c,1c,,
145,へタレスの迷宮５Ｆ 赫塔雷斯迷宫５Ｆ,6,6,1,1c,1c,,
145,へタレスの迷宮５Ｆ 赫塔雷斯迷宫５Ｆ,7,4,2,1c,1c,,
145,へタレスの迷宮５Ｆ 赫塔雷斯迷宫５Ｆ,8,6,2,1c,1c,,
145,へタレスの迷宮５Ｆ 赫塔雷斯迷宫５Ｆ,9,5,8,7,b24,1,
145,へタレスの迷宮５Ｆ 赫塔雷斯迷宫５Ｆ,10,9,6,20(挖掘点),3a,9,
145,へタレスの迷宮５Ｆ 赫塔雷斯迷宫５Ｆ,11,9,4,1f(采集点),3a,9,
146,へタレスの迷宮６Ｆ 赫塔雷斯迷宫６Ｆ,0,2,c,8(宝物堆),a,,
146,へタレスの迷宮６Ｆ 赫塔雷斯迷宫６Ｆ,1,2,d,8(宝物堆),d2,f,
146,へタレスの迷宮６Ｆ 赫塔雷斯迷宫６Ｆ,2,3,b,8(宝物堆),132,3,
146,へタレスの迷宮６Ｆ 赫塔雷斯迷宫６Ｆ,3,3,c,8(宝物堆),d3,3,
146,へタレスの迷宮６Ｆ 赫塔雷斯迷宫６Ｆ,4,3,d,8(宝物堆),ce,a,
146,へタレスの迷宮６Ｆ 赫塔雷斯迷宫６Ｆ,5,4,b,8(宝物堆),d4,5,
146,へタレスの迷宮６Ｆ 赫塔雷斯迷宫６Ｆ,6,4,c,8(宝物堆),142,1,
146,へタレスの迷宮６Ｆ 赫塔雷斯迷宫６Ｆ,7,4,d,8(宝物堆),d0,f,
146,へタレスの迷宮６Ｆ 赫塔雷斯迷宫６Ｆ,8,3,1,7,119,3,
146,へタレスの迷宮６Ｆ 赫塔雷斯迷宫６Ｆ,9,6,1,7,11a,3,
146,へタレスの迷宮６Ｆ 赫塔雷斯迷宫６Ｆ,10,9,1,7,11b,3,
146,へタレスの迷宮６Ｆ 赫塔雷斯迷宫６Ｆ,11,3,5,7,11e,3,
146,へタレスの迷宮６Ｆ 赫塔雷斯迷宫６Ｆ,12,9,5,7,121,3,
146,へタレスの迷宮６Ｆ 赫塔雷斯迷宫６Ｆ,13,8,b,1c,1d,,
146,へタレスの迷宮６Ｆ 赫塔雷斯迷宫６Ｆ,14,8,c,1c,1d,,
146,へタレスの迷宮６Ｆ 赫塔雷斯迷宫６Ｆ,15,8,d,1c,1d,,
146,へタレスの迷宮６Ｆ 赫塔雷斯迷宫６Ｆ,16,9,b,1c,1d,,
146,へタレスの迷宮６Ｆ 赫塔雷斯迷宫６Ｆ,17,9,c,1c,1d,,
146,へタレスの迷宮６Ｆ 赫塔雷斯迷宫６Ｆ,18,9,d,1c,1d,,
146,へタレスの迷宮６Ｆ 赫塔雷斯迷宫６Ｆ,19,a,b,1c,1d,,
146,へタレスの迷宮６Ｆ 赫塔雷斯迷宫６Ｆ,20,a,c,1c,1d,,
146,へタレスの迷宮６Ｆ 赫塔雷斯迷宫６Ｆ,21,a,d,1c,1d,,
146,へタレスの迷宮６Ｆ 赫塔雷斯迷宫６Ｆ,22,1,3,6,1,c,
146,へタレスの迷宮６Ｆ 赫塔雷斯迷宫６Ｆ,23,b,3,6,b,c,
146,へタレスの迷宮６Ｆ 赫塔雷斯迷宫６Ｆ,24,5,c,6,5,9,
146,へタレスの迷宮６Ｆ 赫塔雷斯迷宫６Ｆ,25,7,c,6,7,9,
146,へタレスの迷宮６Ｆ 赫塔雷斯迷宫６Ｆ,26,3,2,e,,,
146,へタレスの迷宮６Ｆ 赫塔雷斯迷宫６Ｆ,27,3,4,d,,,
146,へタレスの迷宮６Ｆ 赫塔雷斯迷宫６Ｆ,28,9,2,c,,,
146,へタレスの迷宮６Ｆ 赫塔雷斯迷宫６Ｆ,29,9,4,b,,,
146,へタレスの迷宮６Ｆ 赫塔雷斯迷宫６Ｆ,30,6,6,b,,,
146,へタレスの迷宮６Ｆ 赫塔雷斯迷宫６Ｆ,31,4,3,22,,,
146,へタレスの迷宮６Ｆ 赫塔雷斯迷宫６Ｆ,32,6,2,22,,,
146,へタレスの迷宮６Ｆ 赫塔雷斯迷宫６Ｆ,33,8,3,22,,,
146,へタレスの迷宮６Ｆ 赫塔雷斯迷宫６Ｆ,34,1,9,20(挖掘点),3b,9,
146,へタレスの迷宮６Ｆ 赫塔雷斯迷宫６Ｆ,35,1,7,1f(采集点),3b,9,
155,異界断層 异界断层,0,2,1,6,12,,
155,異界断層 异界断层,1,7,2,6,f,f,
155,異界断層 异界断层,2,6,4,6,2,9,
155,異界断層 异界断层,3,a,2,6,9,8,
155,異界断層 异界断层,4,2,5,6,4,11,
155,異界断層 异界断层,5,2,9,6,6,4,
155,異界断層 异界断层,6,5,8,6,14,14,
155,異界断層 异界断层,7,9,8,6,a,2,
155,異界断層 异界断层,8,7,a,6,15,d,
155,異界断層 异界断层,9,e,4,6,14,f,
155,異界断層 异界断层,10,c,6,6,2,11,
155,異界断層 异界断层,11,e,8,6,b,f,
155,異界断層 异界断层,12,2,d,6,3,11,
155,異界断層 异界断层,13,6,d,6,f,15,
155,異界断層 异界断层,14,b,b,6,13,d,
155,異界断層 异界断层,15,f,12,6,1,11,
155,異界断層 异界断层,16,b,f,6,e,8,
155,異界断層 异界断层,17,f,f,6,7,2,
155,異界断層 异界断层,18,13,d,6,b,b,
155,異界断層 异界断层,19,15,d,6,7,a,
155,異界断層 异界断层,20,a,12,6,2,1,
155,異界断層 异界断层,21,b,13,6,5,11,
155,異界断層 异界断层,22,f,15,6,6,d,
155,異界断層 异界断层,23,14,f,6,e,4,
155,異界断層 异界断层,24,14,14,6,5,8,
155,異界断層 异界断层,25,1,11,6,f,12,
155,異界断層 异界断层,26,2,11,6,c,6,
155,異界断層 异界断层,27,3,11,6,2,d,
155,異界断層 异界断层,28,4,11,6,2,5,
155,異界断層 异界断层,29,5,11,6,b,13,
155,異界断層 异界断层,30,14,b,2(出击门),,,
155,異界断層 异界断层,31,10,6,2(出击门),,,
155,異界断層 异界断层,32,8,6,1f(采集点),3d,6,
155,異界断層 异界断层,33,12,2,1f(采集点),3d,5,
155,異界断層 异界断层,34,f,b,1f(采集点),3d,5,
155,異界断層 异界断层,35,b,1,20(挖掘点),3d,7,
155,異界断層 异界断层,36,2,3,20(挖掘点),3d,8,
155,異界断層 异界断层,37,16,b,1c,1e,,
155,異界断層 异界断层,38,4,d,1c,1e,,
155,異界断層 异界断层,39,2,7,1c,1e,,
155,異界断層 异界断层,40,14,1,7,995,1,
155,異界断層 异界断层,41,9,3,7,b01,1,
155,異界断層 异界断层,42,12,9,8(宝物堆),119,3,
155,異界断層 异界断层,43,12,a,8(宝物堆),d4,3,
155,異界断層 异界断层,44,f,8,8(宝物堆),11a,2,
156,異界断層の玉座 异界断层之玉座,0,b,7,2(出击门),,,
156,異界断層の玉座 异界断层之玉座,1,12,3,5(刷怪旋涡),4,a,
156,異界断層の玉座 异界断层之玉座,2,14,3,5(刷怪旋涡),4,a,
156,異界断層の玉座 异界断层之玉座,3,14,5,5(刷怪旋涡),4,a,
156,異界断層の玉座 异界断层之玉座,4,12,7,5(刷怪旋涡),4,a,
156,異界断層の玉座 异界断层之玉座,5,14,7,5(刷怪旋涡),4,a,
156,異界断層の玉座 异界断层之玉座,6,2,2,1f(采集点),3e,5,
156,異界断層の玉座 异界断层之玉座,7,6,7,1f(采集点),3e,5,
156,異界断層の玉座 异界断层之玉座,8,f,c,1f(采集点),3e,5,
156,異界断層の玉座 异界断层之玉座,9,9,3,20(挖掘点),3e,6,
156,異界断層の玉座 异界断层之玉座,10,c,3,20(挖掘点),3e,7,
156,異界断層の玉座 异界断层之玉座,11,1,1,1c,1e,,
156,異界断層の玉座 异界断层之玉座,12,7,1,1c,1e,,
156,異界断層の玉座 异界断层之玉座,13,2,6,1c,1e,,
156,異界断層の玉座 异界断层之玉座,14,e,8,1c,1e,,
156,異界断層の玉座 异界断层之玉座,15,c,a,1c,1e,,
156,異界断層の玉座 异界断层之玉座,16,e,6,12,2,,
156,異界断層の玉座 异界断层之玉座,17,e,b,12,2,,
156,異界断層の玉座 异界断层之玉座,18,4,7,12,2,,
156,異界断層の玉座 异界断层之玉座,19,5,b,12,2,,
156,異界断層の玉座 异界断层之玉座,20,b,5,12,2,,
156,異界断層の玉座 异界断层之玉座,21,1,9,12,2,,
156,異界断層の玉座 异界断层之玉座,22,e,5,f(治愈点),,,
156,異界断層の玉座 异界断层之玉座,23,14,4,7,869,1,
156,異界断層の玉座 异界断层之玉座,24,14,6,7,119,5,
156,異界断層の玉座 异界断层之玉座,25,4,4,8(宝物堆),d5,3,
156,異界断層の玉座 异界断层之玉座,26,e,1,8(宝物堆),142,2,
156,異界断層の玉座 异界断层之玉座,27,8,a,8(宝物堆),cd,a,
156,異界断層の玉座 异界断层之玉座,28,14,c,8(宝物堆),11b,2,
b6,閉ざされた浸水路 封闭的浸水路,0,3,3,5(刷怪旋涡),3,f,
b6,閉ざされた浸水路 封闭的浸水路,1,7,3,5(刷怪旋涡),4,b,
b6,閉ざされた浸水路 封闭的浸水路,2,7,7,5(刷怪旋涡),3,f,
b6,閉ざされた浸水路 封闭的浸水路,3,c,a,5(刷怪旋涡),3,f,
b6,閉ざされた浸水路 封闭的浸水路,4,10,a,5(刷怪旋涡),4,b,
b6,閉ざされた浸水路 封闭的浸水路,5,10,e,5(刷怪旋涡),3,f,
b6,閉ざされた浸水路 封闭的浸水路,6,5,12,5(刷怪旋涡),4,b,
b6,閉ざされた浸水路 封闭的浸水路,7,e,5,f(治愈点),,,
b6,閉ざされた浸水路 封闭的浸水路,8,e,5,10,,,
b6,閉ざされた浸水路 封闭的浸水路,9,8,8,20(挖掘点),42,6,
b6,閉ざされた浸水路 封闭的浸水路,10,a,9,20(挖掘点),42,6,
b6,閉ざされた浸水路 封闭的浸水路,11,4,12,20(挖掘点),42,4,
b6,閉ざされた浸水路 封闭的浸水路,12,9,1,1f(采集点),42,5,
b6,閉ざされた浸水路 封闭的浸水路,13,b,1,1f(采集点),42,6,
b6,閉ざされた浸水路 封闭的浸水路,14,11,7,1f(采集点),42,7,
b6,閉ざされた浸水路 封闭的浸水路,15,b,11,1f(采集点),42,5,
b6,閉ざされた浸水路 封闭的浸水路,16,11,1,1c,c,,
b6,閉ざされた浸水路 封闭的浸水路,17,1,8,1c,d,,
b6,閉ざされた浸水路 封闭的浸水路,18,11,6,1c,c,,
b6,閉ざされた浸水路 封闭的浸水路,19,d,d,1c,d,,
b6,閉ざされた浸水路 封闭的浸水路,20,a,f,1c,d,,
b6,閉ざされた浸水路 封闭的浸水路,21,13,2,8(宝物堆),12d,2,
b6,閉ざされた浸水路 封闭的浸水路,22,1,10,8(宝物堆),131,1,
b6,閉ざされた浸水路 封闭的浸水路,23,1,12,8(宝物堆),11f,1,
b6,閉ざされた浸水路 封闭的浸水路,24,2,12,8(宝物堆),22c,1,
b6,閉ざされた浸水路 封闭的浸水路,25,8,12,8(宝物堆),137,2,
b6,閉ざされた浸水路 封闭的浸水路,26,13,12,8(宝物堆),130,1,
b6,閉ざされた浸水路 封闭的浸水路,27,12,d,8(宝物堆),513,1,
b6,閉ざされた浸水路 封闭的浸水路,28,5,1,7,18a,1,
b6,閉ざされた浸水路 封闭的浸水路,29,13,10,7,b10,1,
b6,閉ざされた浸水路 封闭的浸水路,30,a,5,b,,,
b6,閉ざされた浸水路 封闭的浸水路,31,9,c,b,,,
b6,閉ざされた浸水路 封闭的浸水路,32,13,f,c,,,
b6,閉ざされた浸水路 封闭的浸水路,33,5,2,c,,,
b6,閉ざされた浸水路 封闭的浸水路,34,2,b,11,,,
b6,閉ざされた浸水路 封闭的浸水路,35,e,11,11,,,
b6,閉ざされた浸水路 封闭的浸水路,36,f,5,15,,,
b6,閉ざされた浸水路 封闭的浸水路,37,4,8,15,,,
b6,閉ざされた浸水路 封闭的浸水路,38,4,10,15,,,
b6,閉ざされた浸水路 封闭的浸水路,39,1,4,8(宝物堆),5db,1,
b6,閉ざされた浸水路 封闭的浸水路,40,b,8,8(宝物堆),63f,1,
b6,閉ざされた浸水路 封闭的浸水路,41,c,10,8(宝物堆),707,1,
b6,閉ざされた浸水路 封闭的浸水路,42,6,13,8(宝物堆),4af,1,
16d,深淵の大空洞 深渊的大空洞,0,c,e,2(出击门),,,
16d,深淵の大空洞 深渊的大空洞,1,8,3,5(刷怪旋涡),3,12,
16d,深淵の大空洞 深渊的大空洞,2,b,8,5(刷怪旋涡),2,1b,
16d,深淵の大空洞 深渊的大空洞,3,e,8,5(刷怪旋涡),2,1b,
16d,深淵の大空洞 深渊的大空洞,4,11,d,5(刷怪旋涡),3,12,
16d,深淵の大空洞 深渊的大空洞,5,5,2,20(挖掘点),3f,6,
16d,深淵の大空洞 深渊的大空洞,6,e,4,20(挖掘点),3f,8,
16d,深淵の大空洞 深渊的大空洞,7,14,2,20(挖掘点),3f,6,
16d,深淵の大空洞 深渊的大空洞,8,4,e,1f(采集点),3f,6,
16d,深淵の大空洞 深渊的大空洞,9,15,e,1f(采集点),3f,6,
16d,深淵の大空洞 深渊的大空洞,10,16,3,1c,26,,
16d,深淵の大空洞 深渊的大空洞,11,8,7,1c,26,,
16d,深淵の大空洞 深渊的大空洞,12,8,9,1c,26,,
16d,深淵の大空洞 深渊的大空洞,13,11,7,1c,26,,
16d,深淵の大空洞 深渊的大空洞,14,d,d,1c,26,,
16d,深淵の大空洞 深渊的大空洞,15,b,2,11,2,,
16d,深淵の大空洞 深渊的大空洞,16,2,c,11,2,,
16d,深淵の大空洞 深渊的大空洞,17,c,c,11,2,,
16d,深淵の大空洞 深渊的大空洞,18,3,4,11,2,,
16d,深淵の大空洞 深渊的大空洞,19,18,4,11,2,,
16d,深淵の大空洞 深渊的大空洞,20,17,c,11,2,,
16d,深淵の大空洞 深渊的大空洞,21,8,d,7,96d,1,
16d,深淵の大空洞 深渊的大空洞,22,11,3,7,b16,1,
16d,深淵の大空洞 深渊的大空洞,23,17,5,8(宝物堆),d3,1,
16d,深淵の大空洞 深渊的大空洞,24,14,e,8(宝物堆),d4,2,
16d,深淵の大空洞 深渊的大空洞,25,1,d,f(治愈点),,,
16d,深淵の大空洞 深渊的大空洞,26,18,3,f(治愈点),,,
16e,謀略の宝物庫 谋略的宝物库,0,7,5,2(出击门),,,
16e,謀略の宝物庫 谋略的宝物库,1,a,c,2(出击门),,,
16e,謀略の宝物庫 谋略的宝物库,2,e,5,1f(采集点),3f,7,
16e,謀略の宝物庫 谋略的宝物库,3,9,a,1f(采集点),3f,6,
16e,謀略の宝物庫 谋略的宝物库,4,12,c,1f(采集点),3f,8,
16e,謀略の宝物庫 谋略的宝物库,5,e,9,20(挖掘点),3f,7,
16e,謀略の宝物庫 谋略的宝物库,6,8,a,20(挖掘点),3f,7,
16e,謀略の宝物庫 谋略的宝物库,7,10,1,1c,26,,
16e,謀略の宝物庫 谋略的宝物库,8,12,5,1c,26,,
16e,謀略の宝物庫 谋略的宝物库,9,d,c,1c,26,,
16e,謀略の宝物庫 谋略的宝物库,10,d,12,1c,26,,
16e,謀略の宝物庫 谋略的宝物库,11,f,12,1c,26,,
16e,謀略の宝物庫 谋略的宝物库,12,c,5,6,2,f,
16e,謀略の宝物庫 谋略的宝物库,13,9,6,6,2,6,
16e,謀略の宝物庫 谋略的宝物库,14,9,7,6,5,6,
16e,謀略の宝物庫 谋略的宝物库,15,a,6,6,f,6,
16e,謀略の宝物庫 谋略的宝物库,16,a,7,6,e,e,
16e,謀略の宝物庫 谋略的宝物库,17,5,6,6,9,7,
16e,謀略の宝物庫 谋略的宝物库,18,2,6,6,9,6,
16e,謀略の宝物庫 谋略的宝物库,19,e,e,6,a,7,
16e,謀略の宝物庫 谋略的宝物库,20,f,6,6,a,6,
16e,謀略の宝物庫 谋略的宝物库,21,2,f,6,c,5,
16e,謀略の宝物庫 谋略的宝物库,22,a,e,6,2,14,
16e,謀略の宝物庫 谋略的宝物库,23,2,14,6,a,e,
16e,謀略の宝物庫 谋略的宝物库,24,2,c,9,,,
16e,謀略の宝物庫 谋略的宝物库,25,6,b,9,,,
16e,謀略の宝物庫 谋略的宝物库,26,6,1,1e,,,
16e,謀略の宝物庫 谋略的宝物库,27,6,2,1e,,,
16e,謀略の宝物庫 谋略的宝物库,28,6,3,1e,,,
16e,謀略の宝物庫 谋略的宝物库,29,f,1,17(陷阱),2,,
16e,謀略の宝物庫 谋略的宝物库,30,e,3,18,2,,
16e,謀略の宝物庫 谋略的宝物库,31,d,2,19,2,,
16e,謀略の宝物庫 谋略的宝物库,32,a,11,e,,,
16e,謀略の宝物庫 谋略的宝物库,33,2,11,22,,,
16e,謀略の宝物庫 谋略的宝物库,34,2,12,22,,,
16e,謀略の宝物庫 谋略的宝物库,35,5,11,7,b22,1,
16e,謀略の宝物庫 谋略的宝物库,36,a,14,7,b1b,1,
16e,謀略の宝物庫 谋略的宝物库,37,5,f,8(宝物堆),d4,3,
16e,謀略の宝物庫 谋略的宝物库,38,5,10,8(宝物堆),11a,5,
16e,謀略の宝物庫 谋略的宝物库,39,6,10,8(宝物堆),d3,1,
16e,謀略の宝物庫 谋略的宝物库,40,6,f,8(宝物堆),141,5,
16e,謀略の宝物庫 谋略的宝物库,41,7,f,8(宝物堆),142,2,
16e,謀略の宝物庫 谋略的宝物库,42,7,10,8(宝物堆),119,5,
16e,謀略の宝物庫 谋略的宝物库,43,7,11,7,b23,1,
16e,謀略の宝物庫 谋略的宝物库,44,e,12,8(宝物堆),11b,5,
16e,謀略の宝物庫 谋略的宝物库,45,9,13,7,132,3,
16f,最果ての電撃回廊 尽头的电击回廊,0,c,a,2(出击门),,,
16f,最果ての電撃回廊 尽头的电击回廊,1,14,3,2(出击门),2,,
16f,最果ての電撃回廊 尽头的电击回廊,2,14,14,2(出击门),2,,
16f,最果ての電撃回廊 尽头的电击回廊,3,1,d,5(刷怪旋涡),4,f,
170,粘体の保養地 史莱姆的疗养地,0,a,2,2(出击门),,,
170,粘体の保養地 史莱姆的疗养地,1,9,9,5(刷怪旋涡),4,f,
170,粘体の保養地 史莱姆的疗养地,2,9,b,5(刷怪旋涡),3,12,
170,粘体の保養地 史莱姆的疗养地,3,b,9,5(刷怪旋涡),3,12,
170,粘体の保養地 史莱姆的疗养地,4,b,b,5(刷怪旋涡),4,f,
170,粘体の保養地 史莱姆的疗养地,5,3,2,5(刷怪旋涡),5,c,
170,粘体の保養地 史莱姆的疗养地,6,1,14,5(刷怪旋涡),4,f,
170,粘体の保養地 史莱姆的疗养地,7,13,7,5(刷怪旋涡),6,a,
170,粘体の保養地 史莱姆的疗养地,8,11,9,20(挖掘点),3f,8,
170,粘体の保養地 史莱姆的疗养地,9,d,f,20(挖掘点),3f,8,
170,粘体の保養地 史莱姆的疗养地,10,3,f,20(挖掘点),3f,8,
170,粘体の保養地 史莱姆的疗养地,11,12,c,20(挖掘点),3f,8,
170,粘体の保養地 史莱姆的疗养地,12,11,10,20(挖掘点),3f,7,
170,粘体の保養地 史莱姆的疗养地,13,3,5,1f(采集点),3f,7,
170,粘体の保養地 史莱姆的疗养地,14,1,d,1f(采集点),3f,8,
170,粘体の保養地 史莱姆的疗养地,15,a,5,1c,26,,
170,粘体の保養地 史莱姆的疗养地,16,a,f,1c,26,,
170,粘体の保養地 史莱姆的疗养地,17,6,2,1c,26,,
170,粘体の保養地 史莱姆的疗养地,18,11,1,1c,26,,
170,粘体の保養地 史莱姆的疗养地,19,2,12,1c,26,,
170,粘体の保養地 史莱姆的疗养地,20,5,5,11,2,,
170,粘体の保養地 史莱姆的疗养地,21,2,e,13,2,,
170,粘体の保養地 史莱姆的疗养地,22,6,13,11,2,,
170,粘体の保養地 史莱姆的疗养地,23,e,3,12,2,,
170,粘体の保養地 史莱姆的疗养地,24,13,4,15,2,,
170,粘体の保養地 史莱姆的疗养地,25,10,9,12,2,,
170,粘体の保養地 史莱姆的疗养地,26,11,14,13,2,,
170,粘体の保養地 史莱姆的疗养地,27,4,9,15,2,,
170,粘体の保養地 史莱姆的疗养地,28,e,8,16,2,,
170,粘体の保養地 史莱姆的疗养地,29,13,f,16,2,,
170,粘体の保養地 史莱姆的疗养地,30,4,12,7,b16,1,
170,粘体の保養地 史莱姆的疗养地,31,4,13,7,96d,1,
170,粘体の保養地 史莱姆的疗养地,32,e,c,7,b1e,1,
170,粘体の保養地 史莱姆的疗养地,33,3,4,7,b1f,1,
170,粘体の保養地 史莱姆的疗养地,34,13,c,7,b20,1,
170,粘体の保養地 史莱姆的疗养地,35,6,9,7,b21,1,
170,粘体の保養地 史莱姆的疗养地,36,2,9,8(宝物堆),d3,1,
170,粘体の保養地 史莱姆的疗养地,37,10,10,8(宝物堆),d4,2,
170,粘体の保養地 史莱姆的疗养地,38,11,3,8(宝物堆),11e,2,
170,粘体の保養地 史莱姆的疗养地,39,10,4,8(宝物堆),121,2,
170,粘体の保養地 史莱姆的疗养地,40,6,5,f(治愈点),,,
170,粘体の保養地 史莱姆的疗养地,41,12,11,f(治愈点),,,
322,掘削された空洞 掘削出的空洞,0,b,6,5(刷怪旋涡),4,a,
322,掘削された空洞 掘削出的空洞,1,4,9,5(刷怪旋涡),4,a,
322,掘削された空洞 掘削出的空洞,2,5,a,5(刷怪旋涡),3,c,
322,掘削された空洞 掘削出的空洞,3,6,b,5(刷怪旋涡),4,a,
322,掘削された空洞 掘削出的空洞,4,6,6,f(治愈点),,,
322,掘削された空洞 掘削出的空洞,5,6,6,10,,,
322,掘削された空洞 掘削出的空洞,6,9,9,f(治愈点),,,
322,掘削された空洞 掘削出的空洞,7,9,9,10,,,
322,掘削された空洞 掘削出的空洞,8,4,4,2(出击门),,,
322,掘削された空洞 掘削出的空洞,9,b,3,20(挖掘点),43,6,
322,掘削された空洞 掘削出的空洞,10,3,c,20(挖掘点),43,6,
322,掘削された空洞 掘削出的空洞,11,8,d,20(挖掘点),43,7,
322,掘削された空洞 掘削出的空洞,12,7,8,1f(采集点),43,5,
322,掘削された空洞 掘削出的空洞,13,8,7,1f(采集点),43,5,
322,掘削された空洞 掘削出的空洞,14,7,1,1c,5,,
322,掘削された空洞 掘削出的空洞,15,c,6,1c,7,,
322,掘削された空洞 掘削出的空洞,16,1,4,1c,5,,
322,掘削された空洞 掘削出的空洞,17,8,e,1c,7,,
322,掘削された空洞 掘削出的空洞,18,7,2,8(宝物堆),d1,2,
322,掘削された空洞 掘削出的空洞,19,2,8,8(宝物堆),cc,2,
322,掘削された空洞 掘削出的空洞,20,1,1,8(宝物堆),d4,1,
322,掘削された空洞 掘削出的空洞,21,e,1,8(宝物堆),cd,1,
322,掘削された空洞 掘削出的空洞,22,10,e,8(宝物堆),d4,2,
322,掘削された空洞 掘削出的空洞,23,5,1,8(宝物堆),cf,2,
322,掘削された空洞 掘削出的空洞,24,b,4,11,2,,
322,掘削された空洞 掘削出的空洞,25,9,6,11,2,,
322,掘削された空洞 掘削出的空洞,26,6,9,11,2,,
322,掘削された空洞 掘削出的空洞,27,4,b,11,2,,
15,猫の隠れ家 猫之藏身处,0,2,d,2(出击门),,,
15,猫の隠れ家 猫之藏身处,1,c,8,2(出击门),2,,
15,猫の隠れ家 猫之藏身处,2,8,11,5(刷怪旋涡),5,a,
15,猫の隠れ家 猫之藏身处,3,5,7,5(刷怪旋涡),4,c,
15,猫の隠れ家 猫之藏身处,4,7,1,20(挖掘点),44,6,
15,猫の隠れ家 猫之藏身处,5,b,1,20(挖掘点),44,5,
15,猫の隠れ家 猫之藏身处,6,d,d,20(挖掘点),44,5,
15,猫の隠れ家 猫之藏身处,7,1,8,1f(采集点),44,4,
15,猫の隠れ家 猫之藏身处,8,3,11,1f(采集点),44,3,
15,猫の隠れ家 猫之藏身处,9,b,c,1f(采集点),44,4,
15,猫の隠れ家 猫之藏身处,10,5,2,1c,28,,
15,猫の隠れ家 猫之藏身处,11,a,9,1c,28,,
15,猫の隠れ家 猫之藏身处,12,5,c,1c,28,,
15,猫の隠れ家 猫之藏身处,13,a,f,1c,28,,
15,猫の隠れ家 猫之藏身处,14,b,10,1c,28,,
15,猫の隠れ家 猫之藏身处,15,8,e,17(陷阱),2,,
15,猫の隠れ家 猫之藏身处,16,c,5,17(陷阱),2,,
15,猫の隠れ家 猫之藏身处,17,7,5,18,2,,
15,猫の隠れ家 猫之藏身处,18,1,10,18,2,,
15,猫の隠れ家 猫之藏身处,19,a,8,8(宝物堆),d2,3,
15,猫の隠れ家 猫之藏身处,20,9,1,8(宝物堆),12d,1,
15,猫の隠れ家 猫之藏身处,21,8,c,8(宝物堆),d0,3,
15,猫の隠れ家 猫之藏身处,22,c,11,8(宝物堆),18b,5,
15,猫の隠れ家 猫之藏身处,23,c,2,44,,,
15,猫の隠れ家 猫之藏身处,24,6,8,f(治愈点),,,
16,白猫の泣く歪宮 白猫哭泣的歪宫,0,5,3,2(出击门),,,
16,白猫の泣く歪宮 白猫哭泣的歪宫,1,c,e,2(出击门),2,,
16,白猫の泣く歪宮 白猫哭泣的歪宫,2,4,1,5(刷怪旋涡),4,c,
16,白猫の泣く歪宮 白猫哭泣的歪宫,3,5,1,5(刷怪旋涡),4,c,
16,白猫の泣く歪宮 白猫哭泣的歪宫,4,6,1,5(刷怪旋涡),4,c,
16,白猫の泣く歪宮 白猫哭泣的歪宫,5,9,b,5(刷怪旋涡),6,8,
16,白猫の泣く歪宮 白猫哭泣的歪宫,6,5,12,5(刷怪旋涡),3,10,
16,白猫の泣く歪宮 白猫哭泣的歪宫,7,c,11,5(刷怪旋涡),5,a,
16,白猫の泣く歪宮 白猫哭泣的歪宫,8,b,12,5(刷怪旋涡),5,a,
16,白猫の泣く歪宮 白猫哭泣的歪宫,9,1,1,20(挖掘点),45,4,
16,白猫の泣く歪宮 白猫哭泣的歪宫,10,8,c,20(挖掘点),45,4,
16,白猫の泣く歪宮 白猫哭泣的歪宫,11,f,a,1f(采集点),45,5,
16,白猫の泣く歪宮 白猫哭泣的歪宫,12,1,11,1f(采集点),45,5,
16,白猫の泣く歪宮 白猫哭泣的歪宫,13,2,1,1c,28,,
16,白猫の泣く歪宮 白猫哭泣的歪宫,14,8,7,1c,28,,
16,白猫の泣く歪宮 白猫哭泣的歪宫,15,5,d,1c,28,,
16,白猫の泣く歪宮 白猫哭泣的歪宫,16,f,11,1c,28,,
16,白猫の泣く歪宮 白猫哭泣的歪宫,17,4,2,13,2,,
16,白猫の泣く歪宮 白猫哭泣的歪宫,18,6,2,13,2,,
16,白猫の泣く歪宮 白猫哭泣的歪宫,19,4,4,13,2,,
16,白猫の泣く歪宮 白猫哭泣的歪宫,20,6,4,13,2,,
16,白猫の泣く歪宮 白猫哭泣的歪宫,21,8,12,13,2,,
16,白猫の泣く歪宮 白猫哭泣的歪宫,22,8,13,13,2,,
16,白猫の泣く歪宮 白猫哭泣的歪宫,23,4,7,11,2,,
16,白猫の泣く歪宮 白猫哭泣的歪宫,24,6,7,11,2,,
16,白猫の泣く歪宮 白猫哭泣的歪宫,25,5,8,11,2,,
16,白猫の泣く歪宮 白猫哭泣的歪宫,26,c,6,11,2,,
16,白猫の泣く歪宮 白猫哭泣的歪宫,27,d,7,11,2,,
16,白猫の泣く歪宮 白猫哭泣的歪宫,28,a,10,11,2,,
16,白猫の泣く歪宮 白猫哭泣的歪宫,29,b,11,11,2,,
16,白猫の泣く歪宮 白猫哭泣的歪宫,30,c,12,11,2,,
16,白猫の泣く歪宮 白猫哭泣的歪宫,31,d,13,11,2,,
16,白猫の泣く歪宮 白猫哭泣的歪宫,32,1,12,8(宝物堆),132,1,
16,白猫の泣く歪宮 白猫哭泣的歪宫,33,1,13,8(宝物堆),d3,1,
16,白猫の泣く歪宮 白猫哭泣的歪宫,34,c,1,8(宝物堆),18c,5,
16,白猫の泣く歪宮 白猫哭泣的歪宫,35,3,12,b,,,
16,白猫の泣く歪宮 白猫哭泣的歪宫,36,c,b,44,,,
16,白猫の泣く歪宮 白猫哭泣的歪宫,37,5,b,f(治愈点),,,
17,歪宮中心部 歪宫中心部,0,9,2,2(出击门),,,
17,歪宮中心部 歪宫中心部,1,2,9,2(出击门),2,,
17,歪宮中心部 歪宫中心部,2,10,9,2(出击门),2,,
17,歪宮中心部 歪宫中心部,3,9,10,2(出击门),2,,
17,歪宮中心部 歪宫中心部,4,5,5,5(刷怪旋涡),3,10,
17,歪宮中心部 歪宫中心部,5,9,5,5(刷怪旋涡),5,a,
17,歪宮中心部 歪宫中心部,6,d,5,5(刷怪旋涡),4,c,
17,歪宮中心部 歪宫中心部,7,5,9,5(刷怪旋涡),6,8,
17,歪宮中心部 歪宫中心部,8,d,9,5(刷怪旋涡),5,a,
17,歪宮中心部 歪宫中心部,9,5,d,5(刷怪旋涡),7,7,
17,歪宮中心部 歪宫中心部,10,d,d,5(刷怪旋涡),6,8,
17,歪宮中心部 歪宫中心部,11,e,4,20(挖掘点),46,5,
17,歪宮中心部 歪宫中心部,12,e,5,20(挖掘点),46,5,
17,歪宮中心部 歪宫中心部,13,6,6,1f(采集点),46,5,
17,歪宮中心部 歪宫中心部,14,e,c,1f(采集点),46,5,
17,歪宮中心部 歪宫中心部,15,9,1,1c,28,,
17,歪宮中心部 歪宫中心部,16,1,9,1c,28,,
17,歪宮中心部 歪宫中心部,17,11,9,1c,28,,
17,歪宮中心部 歪宫中心部,18,9,11,1c,28,,
17,歪宮中心部 歪宫中心部,19,a,1,8(宝物堆),188,5,
17,歪宮中心部 歪宫中心部,20,4,e,8(宝物堆),ce,3,
17,歪宮中心部 歪宫中心部,21,11,a,7,13a,1,
17,歪宮中心部 歪宫中心部,22,b,7,f(治愈点),,,
17,歪宮中心部 歪宫中心部,23,7,b,f(治愈点),,,
231,黄橡の華楼 黄橡华楼,0,12,f,2(出击门),,,
231,黄橡の華楼 黄橡华楼,1,14,1,5(刷怪旋涡),7,a,
231,黄橡の華楼 黄橡华楼,2,7,3,5(刷怪旋涡),5,e,
231,黄橡の華楼 黄橡华楼,3,b,e,5(刷怪旋涡),5,e,
231,黄橡の華楼 黄橡华楼,4,11,2,5(刷怪旋涡),7,a,
231,黄橡の華楼 黄橡华楼,5,3,3,1c,29,,
231,黄橡の華楼 黄橡华楼,6,6,a,1c,29,,
231,黄橡の華楼 黄橡华楼,7,e,6,1c,29,,
231,黄橡の華楼 黄橡华楼,8,d,1,1c,29,,
231,黄橡の華楼 黄橡华楼,9,14,7,1c,29,,
231,黄橡の華楼 黄橡华楼,10,c,c,1f(采集点),47,6,
231,黄橡の華楼 黄橡华楼,11,4,7,1f(采集点),47,6,
231,黄橡の華楼 黄橡华楼,12,b,3,20(挖掘点),47,5,
231,黄橡の華楼 黄橡华楼,13,e,a,20(挖掘点),47,6,
231,黄橡の華楼 黄橡华楼,14,14,e,20(挖掘点),47,8,
231,黄橡の華楼 黄橡华楼,15,1,2,8(宝物堆),dc,a,
231,黄橡の華楼 黄橡华楼,16,10,1,8(宝物堆),d3,1,
231,黄橡の華楼 黄橡华楼,17,5,b,8(宝物堆),ce,5,
231,黄橡の華楼 黄橡华楼,18,13,c,8(宝物堆),d4,3,
231,黄橡の華楼 黄橡华楼,19,a,b,8(宝物堆),e5,a,
231,黄橡の華楼 黄橡华楼,20,11,8,8(宝物堆),12f,1,
231,黄橡の華楼 黄橡华楼,21,15,f,8(宝物堆),187,a,
231,黄橡の華楼 黄橡华楼,22,6,9,16,2,,
231,黄橡の華楼 黄橡华楼,23,9,4,16,2,,
231,黄橡の華楼 黄橡华楼,24,c,7,16,2,,
231,黄橡の華楼 黄橡华楼,25,b,f,16,2,,
231,黄橡の華楼 黄橡华楼,26,11,c,16,2,,
231,黄橡の華楼 黄橡华楼,27,e,9,16,2,,
231,黄橡の華楼 黄橡华楼,28,f,9,f(治愈点),,,
231,黄橡の華楼 黄橡华楼,29,f,9,10,,,
231,黄橡の華楼 黄橡华楼,30,3,8,f(治愈点),,,
231,黄橡の華楼 黄橡华楼,31,a,3,10,,,
231,黄橡の華楼 黄橡华楼,32,a,8,10,,,
232,浅縹の流塔 浅缥流塔,0,8,7,1c,,,
232,浅縹の流塔 浅缥流塔,1,12,11,1c,29,,
232,浅縹の流塔 浅缥流塔,2,4,15,1c,29,,
232,浅縹の流塔 浅缥流塔,3,2,17,1c,29,,
232,浅縹の流塔 浅缥流塔,4,16,1,1f(采集点),48,6,
232,浅縹の流塔 浅缥流塔,5,16,b,1f(采集点),48,5,
232,浅縹の流塔 浅缥流塔,6,18,17,1f(采集点),48,6,
232,浅縹の流塔 浅缥流塔,7,16,d,20(挖掘点),48,5,
232,浅縹の流塔 浅缥流塔,8,17,d,20(挖掘点),48,6,
232,浅縹の流塔 浅缥流塔,9,16,3,8(宝物堆),188,a,
232,浅縹の流塔 浅缥流塔,10,1,c,8(宝物堆),d0,3,
232,浅縹の流塔 浅缥流塔,11,18,b,8(宝物堆),ce,5,
232,浅縹の流塔 浅缥流塔,12,b,16,8(宝物堆),130,1,
232,浅縹の流塔 浅缥流塔,13,5,2,6,d,15,
232,浅縹の流塔 浅缥流塔,14,d,1,6,12,8,
232,浅縹の流塔 浅缥流塔,15,d,3,6,a,11,
232,浅縹の流塔 浅缥流塔,16,15,2,6,10,11,
232,浅縹の流塔 浅缥流塔,17,8,6,6,10,7,
232,浅縹の流塔 浅缥流塔,18,6,7,6,3,c,
232,浅縹の流塔 浅缥流塔,19,a,7,6,6,11,
232,浅縹の流塔 浅缥流塔,20,8,8,6,15,16,
232,浅縹の流塔 浅缥流塔,21,12,6,6,5,16,
232,浅縹の流塔 浅缥流塔,22,10,7,6,8,6,
232,浅縹の流塔 浅缥流塔,23,14,7,6,8,12,
232,浅縹の流塔 浅缥流塔,24,12,8,6,d,1,
232,浅縹の流塔 浅缥流塔,25,3,c,6,6,7,
232,浅縹の流塔 浅缥流塔,26,17,c,6,14,11,
232,浅縹の流塔 浅缥流塔,27,8,10,6,12,12,
232,浅縹の流塔 浅缥流塔,28,6,11,6,a,7,
232,浅縹の流塔 浅缥流塔,29,a,11,6,d,3,
232,浅縹の流塔 浅缥流塔,30,8,12,6,14,7,
232,浅縹の流塔 浅缥流塔,31,12,10,6,d,17,
232,浅縹の流塔 浅缥流塔,32,10,11,6,15,2,
232,浅縹の流塔 浅缥流塔,33,14,11,6,17,c,
232,浅縹の流塔 浅缥流塔,34,12,12,6,8,10,
232,浅縹の流塔 浅缥流塔,35,5,16,6,12,6,
232,浅縹の流塔 浅缥流塔,36,d,15,6,5,2,
232,浅縹の流塔 浅缥流塔,37,d,17,6,12,10,
232,浅縹の流塔 浅缥流塔,38,15,16,6,8,8,
232,浅縹の流塔 浅缥流塔,39,8,c,f(治愈点),,,
232,浅縹の流塔 浅缥流塔,40,8,c,10,,,
232,浅縹の流塔 浅缥流塔,41,d,16,f(治愈点),,,
232,浅縹の流塔 浅缥流塔,42,19,2,2(出击门),1,,
233,真赭の溶壁 真赭熔壁,0,7,1,1a,6,c,
233,真赭の溶壁 真赭熔壁,1,c,b,1a,2,6,c
233,真赭の溶壁 真赭熔壁,2,6,12,1a,2,7,a
233,真赭の溶壁 真赭熔壁,3,8,1,1c,29,,
233,真赭の溶壁 真赭熔壁,4,d,4,1c,29,,
233,真赭の溶壁 真赭熔壁,5,d,d,1c,29,,
233,真赭の溶壁 真赭熔壁,6,7,10,1c,29,,
233,真赭の溶壁 真赭熔壁,7,e,12,1c,29,,
233,真赭の溶壁 真赭熔壁,8,4,f,1f(采集点),49,7,
233,真赭の溶壁 真赭熔壁,9,14,7,20(挖掘点),49,7,
233,真赭の溶壁 真赭熔壁,10,12,8,20(挖掘点),49,6,
233,真赭の溶壁 真赭熔壁,11,b,c,20(挖掘点),49,8,
233,真赭の溶壁 真赭熔壁,12,7,12,20(挖掘点),49,7,
233,真赭の溶壁 真赭熔壁,13,11,1,8(宝物堆),ce,5,
233,真赭の溶壁 真赭熔壁,14,1,3,8(宝物堆),e1,a,
233,真赭の溶壁 真赭熔壁,15,1,a,8(宝物堆),d2,3,
233,真赭の溶壁 真赭熔壁,16,1,b,8(宝物堆),189,a,
233,真赭の溶壁 真赭熔壁,17,a,12,8(宝物堆),12e,1,
233,真赭の溶壁 真赭熔壁,18,2,4,12,2,,
233,真赭の溶壁 真赭熔壁,19,8,4,12,2,,
233,真赭の溶壁 真赭熔壁,20,10,8,12,2,,
233,真赭の溶壁 真赭熔壁,21,f,9,12,2,,
233,真赭の溶壁 真赭熔壁,22,9,a,12,2,,
233,真赭の溶壁 真赭熔壁,23,6,b,12,2,,
233,真赭の溶壁 真赭熔壁,24,7,f,12,2,,
233,真赭の溶壁 真赭熔壁,25,4,11,12,2,,
233,真赭の溶壁 真赭熔壁,26,9,12,12,2,,
233,真赭の溶壁 真赭熔壁,27,10,10,12,2,,
233,真赭の溶壁 真赭熔壁,28,7,5,f(治愈点),,,
233,真赭の溶壁 真赭熔壁,29,7,5,10,,,
233,真赭の溶壁 真赭熔壁,30,13,9,f(治愈点),,,
233,真赭の溶壁 真赭熔壁,31,13,9,10,,,
233,真赭の溶壁 真赭熔壁,32,6,d,f(治愈点),,,
234,錆浅葱の嵐渦 锈浅葱岚涡,0,3,c,5(刷怪旋涡),4,11,
234,錆浅葱の嵐渦 锈浅葱岚涡,1,14,c,5(刷怪旋涡),5,e,
234,錆浅葱の嵐渦 锈浅葱岚涡,2,3,e,1c,29,,
234,錆浅葱の嵐渦 锈浅葱岚涡,3,9,a,1c,29,,
234,錆浅葱の嵐渦 锈浅葱岚涡,4,13,2,1c,29,,
234,錆浅葱の嵐渦 锈浅葱岚涡,5,13,c,1c,29,,
234,錆浅葱の嵐渦 锈浅葱岚涡,6,1b,d,1c,29,,
234,錆浅葱の嵐渦 锈浅葱岚涡,7,2,b,1f(采集点),4a,7,
234,錆浅葱の嵐渦 锈浅葱岚涡,8,8,6,1f(采集点),4a,6,
234,錆浅葱の嵐渦 锈浅葱岚涡,9,11,f,1f(采集点),4a,8,
234,錆浅葱の嵐渦 锈浅葱岚涡,10,8,7,20(挖掘点),4a,6,
234,錆浅葱の嵐渦 锈浅葱岚涡,11,12,c,20(挖掘点),4a,6,
234,錆浅葱の嵐渦 锈浅葱岚涡,12,3,6,8(宝物堆),ce,5,
234,錆浅葱の嵐渦 锈浅葱岚涡,13,e,5,8(宝物堆),d5,3,
234,錆浅葱の嵐渦 锈浅葱岚涡,14,9,d,8(宝物堆),12d,1,
234,錆浅葱の嵐渦 锈浅葱岚涡,15,17,2,8(宝物堆),18a,a,
234,錆浅葱の嵐渦 锈浅葱岚涡,16,19,3,8(宝物堆),139,1,
234,錆浅葱の嵐渦 锈浅葱岚涡,17,1a,d,8(宝物堆),e3,a,
234,錆浅葱の嵐渦 锈浅葱岚涡,18,5,d,13,2,,
234,錆浅葱の嵐渦 锈浅葱岚涡,19,d,9,13,2,,
234,錆浅葱の嵐渦 锈浅葱岚涡,20,13,d,13,2,,
234,錆浅葱の嵐渦 锈浅葱岚涡,21,10,2,13,2,,
234,錆浅葱の嵐渦 锈浅葱岚涡,22,d,8,f(治愈点),,,
234,錆浅葱の嵐渦 锈浅葱岚涡,23,d,8,10,,,
234,錆浅葱の嵐渦 锈浅葱岚涡,24,e,e,f(治愈点),,,
245,睡魔の歪空間 睡魔的歪曲空间,0,6,4,5(刷怪旋涡),1,2d,
245,睡魔の歪空間 睡魔的歪曲空间,1,3,5,5(刷怪旋涡),1,2d,
245,睡魔の歪空間 睡魔的歪曲空间,2,5,5,5(刷怪旋涡),1,2d,
245,睡魔の歪空間 睡魔的歪曲空间,3,7,5,5(刷怪旋涡),1,2d,
245,睡魔の歪空間 睡魔的歪曲空间,4,4,6,5(刷怪旋涡),1,2d,
245,睡魔の歪空間 睡魔的歪曲空间,5,6,6,5(刷怪旋涡),1,2d,
245,睡魔の歪空間 睡魔的歪曲空间,6,5,7,5(刷怪旋涡),1,2d,
245,睡魔の歪空間 睡魔的歪曲空间,7,2,3,1f(采集点),4b,4,
245,睡魔の歪空間 睡魔的歪曲空间,8,2,5,1f(采集点),4b,4,
245,睡魔の歪空間 睡魔的歪曲空间,9,8,7,20(挖掘点),4b,4,
245,睡魔の歪空間 睡魔的歪曲空间,10,3,3,1c,2a,,
245,睡魔の歪空間 睡魔的歪曲空间,11,7,3,1c,2a,,
245,睡魔の歪空間 睡魔的歪曲空间,12,3,7,1c,2a,,
245,睡魔の歪空間 睡魔的歪曲空间,13,7,7,1c,2a,,
245,睡魔の歪空間 睡魔的歪曲空间,14,2,1,8(宝物堆),131,1,
245,睡魔の歪空間 睡魔的歪曲空间,15,1,6,8(宝物堆),18c,a,
245,睡魔の歪空間 睡魔的歪曲空间,16,9,6,8(宝物堆),13a,1,
245,睡魔の歪空間 睡魔的歪曲空间,17,8,9,8(宝物堆),ce,3,
245,睡魔の歪空間 睡魔的歪曲空间,18,2,b,6,1,4,
245,睡魔の歪空間 睡魔的歪曲空间,19,8,b,6,9,4,
245,睡魔の歪空間 睡魔的歪曲空间,20,1,4,6,2,b,
245,睡魔の歪空間 睡魔的歪曲空间,21,9,4,6,8,b,
245,睡魔の歪空間 睡魔的歪曲空间,22,5,1,2(出击门),,,
245,睡魔の歪空間 睡魔的歪曲空间,23,5,9,f(治愈点),,,
246,峻険の大渓谷 峻险的大溪谷,0,a,11,2(出击门),,,
246,峻険の大渓谷 峻险的大溪谷,1,2,6,5(刷怪旋涡),6,8,
246,峻険の大渓谷 峻险的大溪谷,2,5,e,5(刷怪旋涡),5,a,
246,峻険の大渓谷 峻险的大溪谷,3,10,12,5(刷怪旋涡),4,c,
246,峻険の大渓谷 峻险的大溪谷,4,14,4,5(刷怪旋涡),5,a,
246,峻険の大渓谷 峻险的大溪谷,5,d,d,1f(采集点),4c,4,
246,峻険の大渓谷 峻险的大溪谷,6,5,1,20(挖掘点),4c,7,
246,峻険の大渓谷 峻险的大溪谷,7,1,c,20(挖掘点),4c,6,
246,峻険の大渓谷 峻险的大溪谷,8,f,5,20(挖掘点),4c,6,
246,峻険の大渓谷 峻险的大溪谷,9,e,11,20(挖掘点),4c,5,
246,峻険の大渓谷 峻险的大溪谷,10,3,3,1c,2a,,
246,峻険の大渓谷 峻险的大溪谷,11,f,8,1c,2a,,
246,峻険の大渓谷 峻险的大溪谷,12,a,c,1c,2a,,
246,峻険の大渓谷 峻险的大溪谷,13,7,11,1c,2a,,
246,峻険の大渓谷 峻险的大溪谷,14,6,12,1c,2a,,
246,峻険の大渓谷 峻险的大溪谷,15,6,1,8(宝物堆),d3,1,
246,峻険の大渓谷 峻险的大溪谷,16,6,7,8(宝物堆),d5,3,
246,峻険の大渓谷 峻险的大溪谷,17,10,4,8(宝物堆),132,1,
246,峻険の大渓谷 峻险的大溪谷,18,10,10,8(宝物堆),d2,3,
246,峻険の大渓谷 峻险的大溪谷,19,14,6,7,874,1,
246,峻険の大渓谷 峻险的大溪谷,20,1,13,7,8ad,1,
246,峻険の大渓谷 峻险的大溪谷,21,1,12,d,,,
246,峻険の大渓谷 峻险的大溪谷,22,14,7,e,,,
246,峻険の大渓谷 峻险的大溪谷,23,1,3,16,2,,
246,峻険の大渓谷 峻险的大溪谷,24,3,e,16,2,,
246,峻険の大渓谷 峻险的大溪谷,25,4,8,16,2,,
246,峻険の大渓谷 峻险的大溪谷,26,8,13,16,2,,
246,峻険の大渓谷 峻险的大溪谷,27,f,2,16,2,,
246,峻険の大渓谷 峻险的大溪谷,28,12,6,16,2,,
246,峻険の大渓谷 峻险的大溪谷,29,b,6,16,2,,
246,峻険の大渓谷 峻险的大溪谷,30,a,e,16,2,,
246,峻険の大渓谷 峻险的大溪谷,31,c,10,16,2,,
246,峻険の大渓谷 峻险的大溪谷,32,14,11,16,2,,
246,峻険の大渓谷 峻险的大溪谷,33,b,3,f(治愈点),,,
246,峻険の大渓谷 峻险的大溪谷,34,b,3,10,,,
246,峻険の大渓谷 峻险的大溪谷,35,12,3,f(治愈点),,,
246,峻険の大渓谷 峻险的大溪谷,36,3,11,f(治愈点),,,
247,静炎の洞穴 静炎的洞穴,0,1,a,5(刷怪旋涡),3,10,
247,静炎の洞穴 静炎的洞穴,1,1,c,5(刷怪旋涡),3,10,
247,静炎の洞穴 静炎的洞穴,2,d,1,5(刷怪旋涡),3,10,
247,静炎の洞穴 静炎的洞穴,3,8,1,1f(采集点),4d,3,
247,静炎の洞穴 静炎的洞穴,4,c,b,1f(采集点),4d,4,
247,静炎の洞穴 静炎的洞穴,5,5,c,20(挖掘点),4d,5,
247,静炎の洞穴 静炎的洞穴,6,c,3,20(挖掘点),4d,5,
247,静炎の洞穴 静炎的洞穴,7,e,8,20(挖掘点),4d,6,
247,静炎の洞穴 静炎的洞穴,8,a,1,1c,2a,,
247,静炎の洞穴 静炎的洞穴,9,10,6,1c,2a,,
247,静炎の洞穴 静炎的洞穴,10,1,6,1c,2a,,
247,静炎の洞穴 静炎的洞穴,11,4,7,8(宝物堆),d3,1,
247,静炎の洞穴 静炎的洞穴,12,c,8,8(宝物堆),12e,1,
247,静炎の洞穴 静炎的洞穴,13,1,8,7,911,1,
247,静炎の洞穴 静炎的洞穴,14,10,1,7,9d9,1,
247,静炎の洞穴 静炎的洞穴,15,1,b,7,b05,1,
247,静炎の洞穴 静炎的洞穴,16,2,8,d,,,
247,静炎の洞穴 静炎的洞穴,17,10,2,c,,,
247,静炎の洞穴 静炎的洞穴,18,3,2,12,2,,
247,静炎の洞穴 静炎的洞穴,19,6,8,12,2,,
247,静炎の洞穴 静炎的洞穴,20,8,b,12,2,,
247,静炎の洞穴 静炎的洞穴,21,d,4,12,2,,
247,静炎の洞穴 静炎的洞穴,22,f,4,12,2,,
247,静炎の洞穴 静炎的洞穴,23,e,5,12,2,,
247,静炎の洞穴 静炎的洞穴,24,d,6,12,2,,
247,静炎の洞穴 静炎的洞穴,25,f,6,12,2,,
247,静炎の洞穴 静炎的洞穴,26,7,b,f(治愈点),,,
247,静炎の洞穴 静炎的洞穴,27,7,b,10,,,
247,静炎の洞穴 静炎的洞穴,28,7,2,f(治愈点),,,
248,隠された書史殿 被隐藏的书史殿,0,b,2,5(刷怪旋涡),4,c,
248,隠された書史殿 被隐藏的书史殿,1,4,10,5(刷怪旋涡),5,a,
248,隠された書史殿 被隐藏的书史殿,2,c,b,1a,2,6,8
248,隠された書史殿 被隐藏的书史殿,3,10,10,1a,2,6,8
248,隠された書史殿 被隐藏的书史殿,4,d,6,1f(采集点),4e,5,
248,隠された書史殿 被隐藏的书史殿,5,4,e,1f(采集点),4e,6,
248,隠された書史殿 被隐藏的书史殿,6,4,a,20(挖掘点),4e,6,
248,隠された書史殿 被隐藏的书史殿,7,d,10,20(挖掘点),4e,5,
248,隠された書史殿 被隐藏的书史殿,8,c,1,1c,2a,,
248,隠された書史殿 被隐藏的书史殿,9,f,3,1c,2a,,
248,隠された書史殿 被隐藏的书史殿,10,2,6,1c,2a,,
248,隠された書史殿 被隐藏的书史殿,11,5,d,1c,2a,,
248,隠された書史殿 被隐藏的书史殿,12,13,10,1c,2a,,
248,隠された書史殿 被隐藏的书史殿,13,f,4,8(宝物堆),d3,1,
248,隠された書史殿 被隐藏的书史殿,14,5,c,8(宝物堆),12f,1,
248,隠された書史殿 被隐藏的书史殿,15,f,a,8(宝物堆),ce,3,
248,隠された書史殿 被隐藏的书史殿,16,a,11,8(宝物堆),12d,1,
248,隠された書史殿 被隐藏的书史殿,17,11,d,8(宝物堆),187,a,
248,隠された書史殿 被隐藏的书史殿,18,5,3,7,b69,1,
248,隠された書史殿 被隐藏的书史殿,19,12,3,7,912,1,
248,隠された書史殿 被隐藏的书史殿,20,6,1,17(陷阱),2,,
248,隠された書史殿 被隐藏的书史殿,21,8,b,17(陷阱),2,,
248,隠された書史殿 被隐藏的书史殿,22,c,e,17(陷阱),2,,
248,隠された書史殿 被隐藏的书史殿,23,2,b,17(陷阱),2,,
248,隠された書史殿 被隐藏的书史殿,24,9,7,f(治愈点),,,
248,隠された書史殿 被隐藏的书史殿,25,9,7,10,,,
248,隠された書史殿 被隐藏的书史殿,26,d,1,6,7,3,
248,隠された書史殿 被隐藏的书史殿,27,e,2,6,1,6,
248,隠された書史殿 被隐藏的书史殿,28,7,3,6,d,1,
248,隠された書史殿 被隐藏的书史殿,29,1,6,6,e,2,
248,隠された書史殿 被隐藏的书史殿,30,f,6,1e,,,
248,隠された書史殿 被隐藏的书史殿,31,f,7,1e,,,
248,隠された書史殿 被隐藏的书史殿,32,f,8,1e,,,
249,誘いの緑地 诱惑的绿地,0,6,2,5(刷怪旋涡),4,c,
249,誘いの緑地 诱惑的绿地,1,8,8,5(刷怪旋涡),5,a,
249,誘いの緑地 诱惑的绿地,2,9,a,5(刷怪旋涡),5,a,
249,誘いの緑地 诱惑的绿地,3,9,10,5(刷怪旋涡),6,8,
249,誘いの緑地 诱惑的绿地,4,12,10,5(刷怪旋涡),5,a,
249,誘いの緑地 诱惑的绿地,5,8,5,1f(采集点),4f,6,
249,誘いの緑地 诱惑的绿地,6,c,b,1f(采集点),4f,5,
249,誘いの緑地 诱惑的绿地,7,12,c,1f(采集点),4f,6,
249,誘いの緑地 诱惑的绿地,8,4,c,1f(采集点),4f,7,
249,誘いの緑地 诱惑的绿地,9,3,8,20(挖掘点),4f,6,
249,誘いの緑地 诱惑的绿地,10,7,1,1c,2a,,
249,誘いの緑地 诱惑的绿地,11,12,9,1c,2a,,
249,誘いの緑地 诱惑的绿地,12,1,d,1c,2a,,
249,誘いの緑地 诱惑的绿地,13,13,8,8(宝物堆),13a,1,
249,誘いの緑地 诱惑的绿地,14,2,6,8(宝物堆),d4,3,
249,誘いの緑地 诱惑的绿地,15,8,11,8(宝物堆),130,1,
249,誘いの緑地 诱惑的绿地,16,11,12,8(宝物堆),d3,1,
249,誘いの緑地 诱惑的绿地,17,7,6,17(陷阱),2,,
249,誘いの緑地 诱惑的绿地,18,d,6,11,2,,
249,誘いの緑地 诱惑的绿地,19,9,d,17(陷阱),2,,
249,誘いの緑地 诱惑的绿地,20,f,e,13,2,,
249,誘いの緑地 诱惑的绿地,21,5,a,13,2,,
249,誘いの緑地 诱惑的绿地,22,d,c,f(治愈点),,,
249,誘いの緑地 诱惑的绿地,23,d,c,10,,,
249,誘いの緑地 诱惑的绿地,24,8,a,f(治愈点),,,
24a,荒原を臨む狩場 临荒原的狩猎场,0,7,3,5(刷怪旋涡),3,10,
24a,荒原を臨む狩場 临荒原的狩猎场,1,9,3,5(刷怪旋涡),3,10,
24a,荒原を臨む狩場 临荒原的狩猎场,2,3,7,5(刷怪旋涡),4,c,
24a,荒原を臨む狩場 临荒原的狩猎场,3,3,9,5(刷怪旋涡),4,c,
24a,荒原を臨む狩場 临荒原的狩猎场,4,d,7,5(刷怪旋涡),4,c,
24a,荒原を臨む狩場 临荒原的狩猎场,5,d,9,5(刷怪旋涡),4,c,
24a,荒原を臨む狩場 临荒原的狩猎场,6,7,d,5(刷怪旋涡),3,10,
24a,荒原を臨む狩場 临荒原的狩猎场,7,9,d,5(刷怪旋涡),3,10,
24a,荒原を臨む狩場 临荒原的狩猎场,8,4,4,5(刷怪旋涡),6,8,
24a,荒原を臨む狩場 临荒原的狩猎场,9,c,c,5(刷怪旋涡),6,8,
24a,荒原を臨む狩場 临荒原的狩猎场,10,e,2,1f(采集点),50,5,
24a,荒原を臨む狩場 临荒原的狩猎场,11,2,e,1f(采集点),50,4,
24a,荒原を臨む狩場 临荒原的狩猎场,12,5,5,20(挖掘点),50,6,
24a,荒原を臨む狩場 临荒原的狩猎场,13,b,b,20(挖掘点),50,7,
24a,荒原を臨む狩場 临荒原的狩猎场,14,f,1,1c,2a,,
24a,荒原を臨む狩場 临荒原的狩猎场,15,b,5,1c,2a,,
24a,荒原を臨む狩場 临荒原的狩猎场,16,5,b,1c,2a,,
24a,荒原を臨む狩場 临荒原的狩猎场,17,1,f,1c,2a,,
24a,荒原を臨む狩場 临荒原的狩猎场,18,2,2,7,b1a,1,
24a,荒原を臨む狩場 临荒原的狩猎场,19,e,e,7,b1b,1,
24a,荒原を臨む狩場 临荒原的狩猎场,20,6,4,8(宝物堆),d3,1,
24a,荒原を臨む狩場 临荒原的狩猎场,21,a,c,8(宝物堆),ce,3,
24a,荒原を臨む狩場 临荒原的狩猎场,22,b,1,17(陷阱),,,
24a,荒原を臨む狩場 临荒原的狩猎场,23,1,5,17(陷阱),,,
24a,荒原を臨む狩場 临荒原的狩猎场,24,f,b,17(陷阱),,,
24a,荒原を臨む狩場 临荒原的狩猎场,25,5,f,17(陷阱),,,
24b,狂飆荒む空洞 狂风肆虐的空洞,0,3,f,2(出击门),,,
24b,狂飆荒む空洞 狂风肆虐的空洞,1,b,14,2(出击门),,,
24b,狂飆荒む空洞 狂风肆虐的空洞,2,3,18,2(出击门),,,
24b,狂飆荒む空洞 狂风肆虐的空洞,3,a,8,1f(采集点),51,5,
24b,狂飆荒む空洞 狂风肆虐的空洞,4,5,13,1f(采集点),51,6,
24b,狂飆荒む空洞 狂风肆虐的空洞,5,2,6,20(挖掘点),51,7,
24b,狂飆荒む空洞 狂风肆虐的空洞,6,1,11,20(挖掘点),51,5,
24b,狂飆荒む空洞 狂风肆虐的空洞,7,c,1,1c,2a,,
24b,狂飆荒む空洞 狂风肆虐的空洞,8,1,5,1c,2a,,
24b,狂飆荒む空洞 狂风肆虐的空洞,9,a,b,1c,2a,,
24b,狂飆荒む空洞 狂风肆虐的空洞,10,c,c,1c,2a,,
24b,狂飆荒む空洞 狂风肆虐的空洞,11,8,11,1c,2a,,
24b,狂飆荒む空洞 狂风肆虐的空洞,12,7,d,7,b00,1,
24b,狂飆荒む空洞 狂风肆虐的空洞,13,1,19,7,b6a,1,
24b,狂飆荒む空洞 狂风肆虐的空洞,14,2,5,8(宝物堆),ce,3,
24b,狂飆荒む空洞 狂风肆虐的空洞,15,9,11,8(宝物堆),d3,1,
24b,狂飆荒む空洞 狂风肆虐的空洞,16,c,8,19,2,,
24b,狂飆荒む空洞 狂风肆虐的空洞,17,2,9,19,2,,
24b,狂飆荒む空洞 狂风肆虐的空洞,18,2,b,19,2,,
24b,狂飆荒む空洞 狂风肆虐的空洞,19,8,e,19,2,,
24b,狂飆荒む空洞 狂风肆虐的空洞,20,c,10,19,2,,
24b,狂飆荒む空洞 狂风肆虐的空洞,21,2,12,19,2,,
24b,狂飆荒む空洞 狂风肆虐的空洞,22,9,18,19,2,,
24b,狂飆荒む空洞 狂风肆虐的空洞,23,2,16,19,2,,
24b,狂飆荒む空洞 狂风肆虐的空洞,24,6,b,19,2,,
24b,狂飆荒む空洞 狂风肆虐的空洞,25,6,2,9,,,
26d,金緑石の枢 金绿石之枢,0,4,2,1c,,,
26d,金緑石の枢 金绿石之枢,1,2,3,1c,2c,,
26d,金緑石の枢 金绿石之枢,2,3,3,1c,2c,,
26d,金緑石の枢 金绿石之枢,3,4,3,1c,2c,,
26d,金緑石の枢 金绿石之枢,4,2,4,1c,2c,,
26d,金緑石の枢 金绿石之枢,5,3,4,1c,2c,,
26d,金緑石の枢 金绿石之枢,6,4,4,1c,2c,,
26e,縞瑪瑙の枢 条纹玛瑙之枢,0,4,3,1c,,,
26e,縞瑪瑙の枢 条纹玛瑙之枢,1,3,4,1c,2d,,
26f,緑柱石の枢 绿柱石之枢,0,4,3,1c,,,
26f,緑柱石の枢 绿柱石之枢,1,3,4,1c,2e,,
397,魅了斑の結界 魅惑斑纹的结界,0,d,3,5(刷怪旋涡),4,a,
397,魅了斑の結界 魅惑斑纹的结界,1,e,8,5(刷怪旋涡),3,c,
397,魅了斑の結界 魅惑斑纹的结界,2,d,d,5(刷怪旋涡),3,c,
397,魅了斑の結界 魅惑斑纹的结界,3,2,2,1c,28,,
397,魅了斑の結界 魅惑斑纹的结界,4,2,e,1c,28,,
397,魅了斑の結界 魅惑斑纹的结界,5,e,2,1c,28,,
397,魅了斑の結界 魅惑斑纹的结界,6,e,e,1c,28,,
397,魅了斑の結界 魅惑斑纹的结界,7,8,1,7,872,1,
397,魅了斑の結界 魅惑斑纹的结界,8,1,7,8(宝物堆),12e,1,
397,魅了斑の結界 魅惑斑纹的结界,9,1,9,8(宝物堆),ce,3,
397,魅了斑の結界 魅惑斑纹的结界,10,f,7,8(宝物堆),d5,3,
397,魅了斑の結界 魅惑斑纹的结界,11,f,9,8(宝物堆),131,1,
397,魅了斑の結界 魅惑斑纹的结界,12,7,1,10,,,
397,魅了斑の結界 魅惑斑纹的结界,13,7,3,10,,,
397,魅了斑の結界 魅惑斑纹的结界,14,8,2,10,,,
397,魅了斑の結界 魅惑斑纹的结界,15,9,1,10,,,
397,魅了斑の結界 魅惑斑纹的结界,16,9,3,10,,,
397,魅了斑の結界 魅惑斑纹的结界,17,8,8,10,,,
397,魅了斑の結界 魅惑斑纹的结界,18,a,5,17(陷阱),2,,
397,魅了斑の結界 魅惑斑纹的结界,19,b,6,17(陷阱),2,,
397,魅了斑の結界 魅惑斑纹的结界,20,5,a,17(陷阱),2,,
397,魅了斑の結界 魅惑斑纹的结界,21,6,b,17(陷阱),2,,
397,魅了斑の結界 魅惑斑纹的结界,22,6,5,18,2,,
397,魅了斑の結界 魅惑斑纹的结界,23,5,6,18,2,,
397,魅了斑の結界 魅惑斑纹的结界,24,b,a,18,2,,
397,魅了斑の結界 魅惑斑纹的结界,25,a,b,18,2,,
397,魅了斑の結界 魅惑斑纹的结界,26,8,e,1,1,,
398,月爛殿 月烂殿,0,9,e,5(刷怪旋涡),3,c,
398,月爛殿 月烂殿,1,2,e,1c,28,,
398,月爛殿 月烂殿,2,8,e,1c,28,,
398,月爛殿 月烂殿,3,2,11,1c,28,,
398,月爛殿 月烂殿,4,2,12,1c,28,,
398,月爛殿 月烂殿,5,2,13,1c,28,,
398,月爛殿 月烂殿,6,7,14,1c,28,,
398,月爛殿 月烂殿,7,2,5,8(宝物堆),d3,1,
398,月爛殿 月烂殿,8,2,6,8(宝物堆),d4,1,
398,月爛殿 月烂殿,9,2,7,8(宝物堆),130,1,
398,月爛殿 月烂殿,10,4,9,17(陷阱),2,,
398,月爛殿 月烂殿,11,5,9,17(陷阱),2,,
398,月爛殿 月烂殿,12,6,9,17(陷阱),2,,
398,月爛殿 月烂殿,13,4,11,17(陷阱),2,,
398,月爛殿 月烂殿,14,5,11,17(陷阱),2,,
398,月爛殿 月烂殿,15,6,11,17(陷阱),2,,
398,月爛殿 月烂殿,16,4,b,18,2,,
398,月爛殿 月烂殿,17,5,b,18,2,,
398,月爛殿 月烂殿,18,6,b,18,2,,
398,月爛殿 月烂殿,19,4,13,18,2,,
398,月爛殿 月烂殿,20,5,13,18,2,,
398,月爛殿 月烂殿,21,6,13,18,2,,
398,月爛殿 月烂殿,22,5,6,f(治愈点),,,
398,月爛殿 月烂殿,23,5,16,f(治愈点),,,
398,月爛殿 月烂殿,24,5,19,1,1,,
55,サンバグの葡萄宮 桑巴格葡萄宫,0,13,6,2(出击门),,,
55,サンバグの葡萄宮 桑巴格葡萄宫,1,7,2,5(刷怪旋涡),6,8,
55,サンバグの葡萄宮 桑巴格葡萄宫,2,7,10,5(刷怪旋涡),5,a,
55,サンバグの葡萄宮 桑巴格葡萄宫,3,e,e,5(刷怪旋涡),5,8,
55,サンバグの葡萄宮 桑巴格葡萄宫,4,e,3,5(刷怪旋涡),6,8,
55,サンバグの葡萄宮 桑巴格葡萄宫,5,9,4,20(挖掘点),40,6,
55,サンバグの葡萄宮 桑巴格葡萄宫,6,12,1,1f(采集点),40,7,
55,サンバグの葡萄宮 桑巴格葡萄宫,7,6,a,1f(采集点),40,5,
55,サンバグの葡萄宮 桑巴格葡萄宫,8,2,7,1f(采集点),40,7,
55,サンバグの葡萄宮 桑巴格葡萄宫,9,13,1,1f(采集点),40,6,
55,サンバグの葡萄宮 桑巴格葡萄宫,10,f,b,1f(采集点),40,5,
55,サンバグの葡萄宮 桑巴格葡萄宫,11,3,1,1c,2f,,
55,サンバグの葡萄宮 桑巴格葡萄宫,12,4,e,1c,2f,,
55,サンバグの葡萄宮 桑巴格葡萄宫,13,f,9,1c,2f,,
55,サンバグの葡萄宮 桑巴格葡萄宫,14,d,12,1c,2f,,
55,サンバグの葡萄宮 桑巴格葡萄宫,15,d,2,1c,2f,,
55,サンバグの葡萄宮 桑巴格葡萄宫,16,6,b,17(陷阱),2,,
55,サンバグの葡萄宮 桑巴格葡萄宫,17,1,5,18,2,,
55,サンバグの葡萄宮 桑巴格葡萄宫,18,12,9,18,2,,
55,サンバグの葡萄宮 桑巴格葡萄宫,19,e,6,19,2,,
55,サンバグの葡萄宮 桑巴格葡萄宫,20,a,12,7,b18,1,
55,サンバグの葡萄宮 桑巴格葡萄宫,21,1,a,8(宝物堆),d4,3,
55,サンバグの葡萄宮 桑巴格葡萄宫,22,13,a,8(宝物堆),d5,3,
55,サンバグの葡萄宮 桑巴格葡萄宫,23,f,5,8(宝物堆),ce,5,
55,サンバグの葡萄宮 桑巴格葡萄宫,24,7,4,8(宝物堆),e1,5,
55,サンバグの葡萄宮 桑巴格葡萄宫,25,a,3,9,,,
55,サンバグの葡萄宮 桑巴格葡萄宫,26,2,12,9,,,
55,サンバグの葡萄宮 桑巴格葡萄宫,27,12,12,9,,,
55,サンバグの葡萄宮 桑巴格葡萄宫,28,a,d,22,,,
55,サンバグの葡萄宮 桑巴格葡萄宫,29,4,5,f(治愈点),,,
55,サンバグの葡萄宮 桑巴格葡萄宫,30,d,f,f(治愈点),,,
56,葡萄宮の嘆刑殿 葡萄宫叹刑殿,0,3,7,5(刷怪旋涡),4,8,
56,葡萄宮の嘆刑殿 葡萄宫叹刑殿,1,7,3,5(刷怪旋涡),6,5,
56,葡萄宮の嘆刑殿 葡萄宫叹刑殿,2,7,7,5(刷怪旋涡),5,6,
56,葡萄宮の嘆刑殿 葡萄宫叹刑殿,3,1,9,5(刷怪旋涡),2,f,
56,葡萄宮の嘆刑殿 葡萄宫叹刑殿,4,1,b,5(刷怪旋涡),3,a,
56,葡萄宮の嘆刑殿 葡萄宫叹刑殿,5,9,9,5(刷怪旋涡),3,a,
56,葡萄宮の嘆刑殿 葡萄宫叹刑殿,6,9,b,5(刷怪旋涡),2,f,
56,葡萄宮の嘆刑殿 葡萄宫叹刑殿,7,5,5,5(刷怪旋涡),3,a,
56,葡萄宮の嘆刑殿 葡萄宫叹刑殿,8,2,5,20(挖掘点),41,6,
56,葡萄宮の嘆刑殿 葡萄宫叹刑殿,9,8,5,20(挖掘点),41,6,
56,葡萄宮の嘆刑殿 葡萄宫叹刑殿,10,1,a,1f(采集点),41,5,
56,葡萄宮の嘆刑殿 葡萄宫叹刑殿,11,9,a,1f(采集点),41,5,
56,葡萄宮の嘆刑殿 葡萄宫叹刑殿,12,2,8,1c,2f,,
56,葡萄宮の嘆刑殿 葡萄宫叹刑殿,13,8,8,1c,2f,,
56,葡萄宮の嘆刑殿 葡萄宫叹刑殿,14,2,2,8(宝物堆),d4,3,
56,葡萄宮の嘆刑殿 葡萄宫叹刑殿,15,8,2,8(宝物堆),d3,1,
56,葡萄宮の嘆刑殿 葡萄宫叹刑殿,16,5,7,f(治愈点),,,
259,ローゼン渓谷 罗森溪谷,0,1,5,5(刷怪旋涡),4,c,
259,ローゼン渓谷 罗森溪谷,1,1,7,5(刷怪旋涡),5,a,
259,ローゼン渓谷 罗森溪谷,2,c,2,5(刷怪旋涡),6,8,
259,ローゼン渓谷 罗森溪谷,3,2,1,1f(采集点),52,6,
259,ローゼン渓谷 罗森溪谷,4,4,8,1f(采集点),52,6,
259,ローゼン渓谷 罗森溪谷,5,d,5,1f(采集点),52,5,
259,ローゼン渓谷 罗森溪谷,6,11,4,20(挖掘点),52,5,
259,ローゼン渓谷 罗森溪谷,7,12,b,20(挖掘点),52,5,
259,ローゼン渓谷 罗森溪谷,8,b,1,1c,2b,,
259,ローゼン渓谷 罗森溪谷,9,8,6,1c,2b,,
259,ローゼン渓谷 罗森溪谷,10,1,8,1c,2b,,
259,ローゼン渓谷 罗森溪谷,11,14,1,1c,2b,,
259,ローゼン渓谷 罗森溪谷,12,1,2,8(宝物堆),13a,1,
259,ローゼン渓谷 罗森溪谷,13,9,9,8(宝物堆),132,1,
259,ローゼン渓谷 罗森溪谷,14,13,b,8(宝物堆),d2,3,
259,ローゼン渓谷 罗森溪谷,15,7,4,8(宝物堆),18c,2,
259,ローゼン渓谷 罗森溪谷,16,11,2,8(宝物堆),132,1,
259,ローゼン渓谷 罗森溪谷,17,b,6,f(治愈点),,,
259,ローゼン渓谷 罗森溪谷,18,b,6,10,,,
25a,虎伏の岬角 虎伏的岬角,0,a,8,5(刷怪旋涡),4,c,
25a,虎伏の岬角 虎伏的岬角,1,4,c,5(刷怪旋涡),,,
25a,虎伏の岬角 虎伏的岬角,2,a,c,5(刷怪旋涡),,,
25a,虎伏の岬角 虎伏的岬角,3,4,12,5(刷怪旋涡),,,
25a,虎伏の岬角 虎伏的岬角,4,a,12,5(刷怪旋涡),,,
25a,虎伏の岬角 虎伏的岬角,5,3,4,1f(采集点),53,5,
25a,虎伏の岬角 虎伏的岬角,6,9,3,1f(采集点),53,6,
25a,虎伏の岬角 虎伏的岬角,7,1,11,1f(采集点),53,6,
25a,虎伏の岬角 虎伏的岬角,8,1,d,20(挖掘点),53,6,
25a,虎伏の岬角 虎伏的岬角,9,9,d,20(挖掘点),53,5,
25a,虎伏の岬角 虎伏的岬角,10,1,3,1c,2b,,
25a,虎伏の岬角 虎伏的岬角,11,d,7,1c,2b,,
25a,虎伏の岬角 虎伏的岬角,12,8,9,1c,2b,,
25a,虎伏の岬角 虎伏的岬角,13,3,10,1c,2b,,
25a,虎伏の岬角 虎伏的岬角,14,d,3,7,119,3,
25a,虎伏の岬角 虎伏的岬角,15,1,7,8(宝物堆),ce,3,
25a,虎伏の岬角 虎伏的岬角,16,9,7,8(宝物堆),139,1,
25a,虎伏の岬角 虎伏的岬角,17,d,d,8(宝物堆),d3,1,
25a,虎伏の岬角 虎伏的岬角,18,8,1,8(宝物堆),18c,3,
25a,虎伏の岬角 虎伏的岬角,19,b,10,8(宝物堆),142,1,
25a,虎伏の岬角 虎伏的岬角,20,6,a,13,2,,
25a,虎伏の岬角 虎伏的岬角,21,7,a,13,2,,
25a,虎伏の岬角 虎伏的岬角,22,8,a,13,2,,
25a,虎伏の岬角 虎伏的岬角,23,7,8,f(治愈点),,,
25b,レリクイア遺跡 雷利奎亚遗迹,0,8,c,2a(破损的石碑),,,
25b,レリクイア遺跡 雷利奎亚遗迹,1,2,12,2a(破损的石碑),14,,
25b,レリクイア遺跡 雷利奎亚遗迹,2,e,12,2a(破损的石碑),14,,
25b,レリクイア遺跡 雷利奎亚遗迹,3,4,6,22,,,
25b,レリクイア遺跡 雷利奎亚遗迹,4,c,6,22,,,
25b,レリクイア遺跡 雷利奎亚遗迹,5,7,a,22,,,
25b,レリクイア遺跡 雷利奎亚遗迹,6,8,a,22,,,
25b,レリクイア遺跡 雷利奎亚遗迹,7,9,a,22,,,
25b,レリクイア遺跡 雷利奎亚遗迹,8,8,6,2(出击门),1,,
25b,レリクイア遺跡 雷利奎亚遗迹,9,5,5,1a,2,3,10
25b,レリクイア遺跡 雷利奎亚遗迹,10,b,5,1a,2,3,10
25b,レリクイア遺跡 雷利奎亚遗迹,11,2,c,1a,2,4,c
25b,レリクイア遺跡 雷利奎亚遗迹,12,e,c,1a,2,3,10
25b,レリクイア遺跡 雷利奎亚遗迹,13,5,11,1a,2,3,10
25b,レリクイア遺跡 雷利奎亚遗迹,14,f,5,20(挖掘点),54,6,
25b,レリクイア遺跡 雷利奎亚遗迹,15,b,14,20(挖掘点),54,6,
25b,レリクイア遺跡 雷利奎亚遗迹,16,2,16,20(挖掘点),54,5,
25b,レリクイア遺跡 雷利奎亚遗迹,17,1,d,1f(采集点),54,7,
25b,レリクイア遺跡 雷利奎亚遗迹,18,e,16,1f(采集点),54,6,
25b,レリクイア遺跡 雷利奎亚遗迹,19,3,5,1c,2b,,
25b,レリクイア遺跡 雷利奎亚遗迹,20,f,9,1c,2b,,
25b,レリクイア遺跡 雷利奎亚遗迹,21,f,15,1c,2b,,
25b,レリクイア遺跡 雷利奎亚遗迹,22,7,10,1c,2b,,
25b,レリクイア遺跡 雷利奎亚遗迹,23,e,4,8(宝物堆),139,2,
25b,レリクイア遺跡 雷利奎亚遗迹,24,1,9,8(宝物堆),138,2,
25b,レリクイア遺跡 雷利奎亚遗迹,25,b,e,8(宝物堆),d4,3,
25b,レリクイア遺跡 雷利奎亚遗迹,26,5,14,8(宝物堆),131,1,
25b,レリクイア遺跡 雷利奎亚遗迹,27,5,3,8(宝物堆),13a,1,
25b,レリクイア遺跡 雷利奎亚遗迹,28,b,3,8(宝物堆),13a,1,
25b,レリクイア遺跡 雷利奎亚遗迹,29,1,15,7,11f,3,
25b,レリクイア遺跡 雷利奎亚遗迹,30,8,10,f(治愈点),,,
25b,レリクイア遺跡 雷利奎亚遗迹,31,8,10,10,,,
25b,レリクイア遺跡 雷利奎亚遗迹,32,2,9,17(陷阱),2,,
25b,レリクイア遺跡 雷利奎亚遗迹,33,e,9,17(陷阱),2,,
25b,レリクイア遺跡 雷利奎亚遗迹,34,2,f,17(陷阱),2,,
25b,レリクイア遺跡 雷利奎亚遗迹,35,e,f,17(陷阱),2,,
25b,レリクイア遺跡 雷利奎亚遗迹,36,2,4,2(出击门),,,
25b,レリクイア遺跡 雷利奎亚遗迹,37,b,11,2(出击门),,,
25c,壮麗たる花園 壮丽的花园,0,1,7,5(刷怪旋涡),7,7,
25c,壮麗たる花園 壮丽的花园,1,11,2,5(刷怪旋涡),5,a,
25c,壮麗たる花園 壮丽的花园,2,8,10,5(刷怪旋涡),6,8,
25c,壮麗たる花園 壮丽的花园,3,11,f,5(刷怪旋涡),5,a,
25c,壮麗たる花園 壮丽的花园,4,1,1,20(挖掘点),55,6,
25c,壮麗たる花園 壮丽的花园,5,9,4,1f(采集点),55,5,
25c,壮麗たる花園 壮丽的花园,6,f,4,1f(采集点),55,8,
25c,壮麗たる花園 壮丽的花园,7,10,5,1f(采集点),55,7,
25c,壮麗たる花園 壮丽的花园,8,c,10,1f(采集点),55,6,
25c,壮麗たる花園 壮丽的花园,9,1,a,1f(采集点),55,6,
25c,壮麗たる花園 壮丽的花园,10,2,7,1c,2b,,
25c,壮麗たる花園 壮丽的花园,11,8,1,1c,2b,,
25c,壮麗たる花園 壮丽的花园,12,f,8,1c,2b,,
25c,壮麗たる花園 壮丽的花园,13,2,b,1c,2b,,
25c,壮麗たる花園 壮丽的花园,14,b,f,1c,2b,,
25c,壮麗たる花園 壮丽的花园,15,12,1,8(宝物堆),d4,3,
25c,壮麗たる花園 壮丽的花园,16,8,8,8(宝物堆),d3,1,
25c,壮麗たる花園 壮丽的花园,17,1,10,8(宝物堆),d5,3,
25c,壮麗たる花園 壮丽的花园,18,2,1,8(宝物堆),12d,3,
25c,壮麗たる花園 壮丽的花园,19,c,e,8(宝物堆),12d,3,
25c,壮麗たる花園 壮丽的花园,20,10,3,f(治愈点),,,
25c,壮麗たる花園 壮丽的花园,21,10,3,10,,,
399,壮麗たる花園 壮丽的花园,0,1,7,5(刷怪旋涡),4,c,
399,壮麗たる花園 壮丽的花园,1,2,7,5(刷怪旋涡),4,c,
399,壮麗たる花園 壮丽的花园,2,1,a,5(刷怪旋涡),6,8,
399,壮麗たる花園 壮丽的花园,3,2,a,5(刷怪旋涡),4,c,
399,壮麗たる花園 壮丽的花园,4,2,10,5(刷怪旋涡),4,c,
399,壮麗たる花園 壮丽的花园,5,10,1,5(刷怪旋涡),5,a,
399,壮麗たる花園 壮丽的花园,6,f,2,5(刷怪旋涡),4,c,
399,壮麗たる花園 壮丽的花园,7,12,3,5(刷怪旋涡),4,c,
399,壮麗たる花園 壮丽的花园,8,11,4,5(刷怪旋涡),5,a,
399,壮麗たる花園 壮丽的花园,9,c,6,5(刷怪旋涡),4,c,
399,壮麗たる花園 壮丽的花园,10,8,8,5(刷怪旋涡),4,c,
399,壮麗たる花園 壮丽的花园,11,8,10,5(刷怪旋涡),3,10,
399,壮麗たる花園 壮丽的花园,12,11,f,5(刷怪旋涡),5,a,
1,遺跡地下の調査区域 遗迹地下的调查区域,0,3,7,f(治愈点),,,
1,遺跡地下の調査区域 遗迹地下的调查区域,1,4,3,8(宝物堆),c9,2,
1,遺跡地下の調査区域 遗迹地下的调查区域,2,2,9,7,af1,1,
1,遺跡地下の調査区域 遗迹地下的调查区域,3,4,4,1f(采集点),3,5,
1,遺跡地下の調査区域 遗迹地下的调查区域,4,1,2,2a(破损的石碑),,,
1,遺跡地下の調査区域 遗迹地下的调查区域,5,4,5,2a(破损的石碑),,,
1,遺跡地下の調査区域 遗迹地下的调查区域,6,4,7,2a(破损的石碑),,,
2,調査区域の奥 调查区域的深处,0,6,7,f(治愈点),,,
b,堆積した砦路樹 堆积的城砦行道树,0,5,2,29(枯萎的嫩芽),,,
b,堆積した砦路樹 堆积的城砦行道树,1,1,8,29(枯萎的嫩芽),a,,
b,堆積した砦路樹 堆积的城砦行道树,2,3,9,29(枯萎的嫩芽),a,,
b,堆積した砦路樹 堆积的城砦行道树,3,7,7,29(枯萎的嫩芽),a,,
b,堆積した砦路樹 堆积的城砦行道树,4,5,7,2(出击门),,,
b,堆積した砦路樹 堆积的城砦行道树,5,6,6,8(宝物堆),ca,2,
b,堆積した砦路樹 堆积的城砦行道树,6,9,4,1f(采集点),2,4,
b,堆積した砦路樹 堆积的城砦行道树,7,1,2,1f(采集点),2,5,
b,堆積した砦路樹 堆积的城砦行道树,8,8,8,20(挖掘点),2,6,
b,堆積した砦路樹 堆积的城砦行道树,9,3,8,5(刷怪旋涡),6,7,
b,堆積した砦路樹 堆积的城砦行道树,10,3,3,1c,1,,
b,堆積した砦路樹 堆积的城砦行道树,11,4,6,f(治愈点),,,
b,堆積した砦路樹 堆积的城砦行道树,12,4,6,10,,,
b,堆積した砦路樹 堆积的城砦行道树,13,5,4,17(陷阱),2,,
b,堆積した砦路樹 堆积的城砦行道树,14,5,5,17(陷阱),2,,
b,堆積した砦路樹 堆积的城砦行道树,15,2,7,17(陷阱),2,,
b,堆積した砦路樹 堆积的城砦行道树,16,4,8,17(陷阱),2,,
b,堆積した砦路樹 堆积的城砦行道树,17,3,4,f(治愈点),,,
c,崩れた調査区域 崩塌的调查区域,0,8,5,7,1,,
c,崩れた調査区域 崩塌的调查区域,1,4,4,1f(采集点),4,6,
c,崩れた調査区域 崩塌的调查区域,2,6,8,20(挖掘点),3,6,
c,崩れた調査区域 崩塌的调查区域,3,7,7,2a(破损的石碑),14,,
c,崩れた調査区域 崩塌的调查区域,4,1,2,2a(破损的石碑),14,,
c,崩れた調査区域 崩塌的调查区域,5,4,5,2a(破损的石碑),14,,
c,崩れた調査区域 崩塌的调查区域,6,4,7,2a(破损的石碑),14,,
c,崩れた調査区域 崩塌的调查区域,7,3,7,f(治愈点),,,
c,崩れた調査区域 崩塌的调查区域,8,3,7,10,,,
c,崩れた調査区域 崩塌的调查区域,9,3,8,8(宝物堆),cc,1,
c,崩れた調査区域 崩塌的调查区域,10,5,8,f(治愈点),,,
c,崩れた調査区域 崩塌的调查区域,11,5,3,1f(采集点),4,6,
c,崩れた調査区域 崩塌的调查区域,12,8,1,8(宝物堆),cb,3,
d,魔物のいた調査区域 曾有魔物的调查区域,0,1,5,2(出击门),,,
d,魔物のいた調査区域 曾有魔物的调查区域,1,a,9,2(出击门),,,
d,魔物のいた調査区域 曾有魔物的调查区域,2,5,1,1f(采集点),3,6,
d,魔物のいた調査区域 曾有魔物的调查区域,3,9,5,1f(采集点),3,5,
d,魔物のいた調査区域 曾有魔物的调查区域,4,4,7,1f(采集点),3,4,
d,魔物のいた調査区域 曾有魔物的调查区域,5,9,9,5(刷怪旋涡),6,7,
d,魔物のいた調査区域 曾有魔物的调查区域,6,4,5,29(枯萎的嫩芽),a,,
d,魔物のいた調査区域 曾有魔物的调查区域,7,8,2,29(枯萎的嫩芽),a,,
d,魔物のいた調査区域 曾有魔物的调查区域,8,7,9,29(枯萎的嫩芽),a,,
d,魔物のいた調査区域 曾有魔物的调查区域,9,7,8,29(枯萎的嫩芽),a,,
d,魔物のいた調査区域 曾有魔物的调查区域,10,5,3,8(宝物堆),513,2,
d,魔物のいた調査区域 曾有魔物的调查区域,11,9,3,8(宝物堆),cc,3,
d,魔物のいた調査区域 曾有魔物的调查区域,12,8,9,f(治愈点),,,
d,魔物のいた調査区域 曾有魔物的调查区域,13,8,6,21,22,,
e,胴部第一層区域 躯干第一层区域,0,6,5,2(出击门),,,
e,胴部第一層区域 躯干第一层区域,1,2,2,5(刷怪旋涡),8,5,
e,胴部第一層区域 躯干第一层区域,2,a,4,5(刷怪旋涡),8,5,
e,胴部第一層区域 躯干第一层区域,3,1,b,1f(采集点),7,4,
e,胴部第一層区域 躯干第一层区域,4,2,6,1f(采集点),7,5,
e,胴部第一層区域 躯干第一层区域,5,3,6,1f(采集点),7,4,
e,胴部第一層区域 躯干第一层区域,6,3,2,20(挖掘点),4,7,
e,胴部第一層区域 躯干第一层区域,7,3,b,20(挖掘点),4,6,
e,胴部第一層区域 躯干第一层区域,8,6,a,20(挖掘点),4,5,
e,胴部第一層区域 躯干第一层区域,9,6,4,1c,2,,
e,胴部第一層区域 躯干第一层区域,10,8,9,1c,2,,
e,胴部第一層区域 躯干第一层区域,11,3,5,29(枯萎的嫩芽),a,,
e,胴部第一層区域 躯干第一层区域,12,1,9,29(枯萎的嫩芽),a,,
e,胴部第一層区域 躯干第一层区域,13,4,b,29(枯萎的嫩芽),a,,
e,胴部第一層区域 躯干第一层区域,14,5,c,29(枯萎的嫩芽),a,,
e,胴部第一層区域 躯干第一层区域,15,5,1,7,89a,1,
e,胴部第一層区域 躯干第一层区域,16,6,1,7,11e,1,
e,胴部第一層区域 躯干第一层区域,17,a,3,7,d4,1,
e,胴部第一層区域 躯干第一层区域,18,8,2,2a(破损的石碑),14,,
e,胴部第一層区域 躯干第一层区域,19,1,3,2a(破损的石碑),14,,
e,胴部第一層区域 躯干第一层区域,20,5,3,22,,,
e,胴部第一層区域 躯干第一层区域,21,2,7,16,,,
e,胴部第一層区域 躯干第一层区域,22,2,a,16,,,
e,胴部第一層区域 躯干第一层区域,23,9,4,16,,,
e,胴部第一層区域 躯干第一层区域,24,9,6,16,,,
e,胴部第一層区域 躯干第一层区域,25,1,5,16,,,
e,胴部第一層区域 躯干第一层区域,26,2,5,f(治愈点),,,
e,胴部第一層区域 躯干第一层区域,27,5,a,f(治愈点),,,
f,肩甲殻部区域 肩甲壳部区域,0,4,a,7,3,,
f,肩甲殻部区域 肩甲壳部区域,1,6,a,7,187,3,
f,肩甲殻部区域 肩甲壳部区域,2,4,4,5(刷怪旋涡),2,f,
f,肩甲殻部区域 肩甲壳部区域,3,6,6,5(刷怪旋涡),2,f,
f,肩甲殻部区域 肩甲壳部区域,4,6,4,5(刷怪旋涡),2,f,
f,肩甲殻部区域 肩甲壳部区域,5,4,6,5(刷怪旋涡),2,f,
f,肩甲殻部区域 肩甲壳部区域,6,3,6,20(挖掘点),5,6,
f,肩甲殻部区域 肩甲壳部区域,7,7,4,20(挖掘点),5,5,
f,肩甲殻部区域 肩甲壳部区域,8,7,6,20(挖掘点),5,7,
f,肩甲殻部区域 肩甲壳部区域,9,5,a,21,22,,
f,肩甲殻部区域 肩甲壳部区域,10,5,6,f(治愈点),,,
f,肩甲殻部区域 肩甲壳部区域,11,1,1,6,1,a,
f,肩甲殻部区域 肩甲壳部区域,12,2,1,6,8,1,
f,肩甲殻部区域 肩甲壳部区域,13,8,1,6,2,1,
f,肩甲殻部区域 肩甲壳部区域,14,9,1,6,9,a,
f,肩甲殻部区域 肩甲壳部区域,15,1,a,6,1,1,
f,肩甲殻部区域 肩甲壳部区域,16,2,a,6,8,a,
f,肩甲殻部区域 肩甲壳部区域,17,8,a,6,2,a,
f,肩甲殻部区域 肩甲壳部区域,18,9,a,6,9,1,
f,肩甲殻部区域 肩甲壳部区域,19,1,2,8(宝物堆),cc,2,
f,肩甲殻部区域 肩甲壳部区域,20,9,2,8(宝物堆),cf,2,
f,肩甲殻部区域 肩甲壳部区域,21,1,9,8(宝物堆),d1,2,
11,清らかな水源地 清澈的水源地,0,d,3,2(出击门),,,
11,清らかな水源地 清澈的水源地,1,9,7,1f(采集点),e,4,
11,清らかな水源地 清澈的水源地,2,a,7,1f(采集点),e,4,
11,清らかな水源地 清澈的水源地,3,1,5,20(挖掘点),e,6,
11,清らかな水源地 清澈的水源地,4,9,2,20(挖掘点),e,6,
11,清らかな水源地 清澈的水源地,5,5,1,1c,5,,
11,清らかな水源地 清澈的水源地,6,4,5,1c,5,,
11,清らかな水源地 清澈的水源地,7,7,6,1c,6,,
11,清らかな水源地 清澈的水源地,8,a,5,1c,6,,
11,清らかな水源地 清澈的水源地,9,1,7,2b,28,,
11,清らかな水源地 清澈的水源地,10,a,1,2a(破损的石碑),14,,
11,清らかな水源地 清澈的水源地,11,d,7,2a(破损的石碑),14,,
11,清らかな水源地 清澈的水源地,12,5,a,8(宝物堆),577,2,
11,清らかな水源地 清澈的水源地,13,6,2,15,,,
11,清らかな水源地 清澈的水源地,14,7,7,15,,,
11,清らかな水源地 清澈的水源地,15,6,a,15,,,
11,清らかな水源地 清澈的水源地,16,3,9,3c,,,
11,清らかな水源地 清澈的水源地,17,7,3,3c,,,
11,清らかな水源地 清澈的水源地,18,c,3,3c,,,
11,清らかな水源地 清澈的水源地,19,b,8,3c,,,
11,清らかな水源地 清澈的水源地,20,a,2,f(治愈点),,,
11,清らかな水源地 清澈的水源地,21,4,2,f(治愈点),,,
11,清らかな水源地 清澈的水源地,22,1,9,21,22,,
12,螺旋駆動区域 螺旋驱动区域,0,7,8,1f(采集点),7,,
12,螺旋駆動区域 螺旋驱动区域,1,9,4,1f(采集点),14,7,
12,螺旋駆動区域 螺旋驱动区域,2,5,8,1f(采集点),14,7,
12,螺旋駆動区域 螺旋驱动区域,3,1,5,20(挖掘点),13,7,
12,螺旋駆動区域 螺旋驱动区域,4,7,1,20(挖掘点),13,7,
12,螺旋駆動区域 螺旋驱动区域,5,b,5,20(挖掘点),13,7,
12,螺旋駆動区域 螺旋驱动区域,6,c,4,1c,9,,
12,螺旋駆動区域 螺旋驱动区域,7,9,8,1c,a,,
12,螺旋駆動区域 螺旋驱动区域,8,4,1,2b,28,,
12,螺旋駆動区域 螺旋驱动区域,9,3,1,2a(破损的石碑),14,,
12,螺旋駆動区域 螺旋驱动区域,10,5,1,2a(破损的石碑),14,,
12,螺旋駆動区域 螺旋驱动区域,11,1,9,7,1fc,3,
12,螺旋駆動区域 螺旋驱动区域,12,c,9,7,18b,2,
12,螺旋駆動区域 螺旋驱动区域,13,c,1,7,18c,2,
12,螺旋駆動区域 螺旋驱动区域,14,1,1,7,188,2,
12,螺旋駆動区域 螺旋驱动区域,15,1,8,c,,,
12,螺旋駆動区域 螺旋驱动区域,16,1,2,c,,,
12,螺旋駆動区域 螺旋驱动区域,17,b,1,c,,,
12,螺旋駆動区域 螺旋驱动区域,18,b,9,c,,,
12,螺旋駆動区域 螺旋驱动区域,19,3,2,8(宝物堆),189,1,
12,螺旋駆動区域 螺旋驱动区域,20,4,2,8(宝物堆),187,1,
12,螺旋駆動区域 螺旋驱动区域,21,5,2,8(宝物堆),18a,1,
12,螺旋駆動区域 螺旋驱动区域,22,a,2,8(宝物堆),137,1,
12,螺旋駆動区域 螺旋驱动区域,23,a,8,8(宝物堆),cc,3,
12,螺旋駆動区域 螺旋驱动区域,24,2,7,8(宝物堆),283,5,
12,螺旋駆動区域 螺旋驱动区域,25,8,3,8(宝物堆),272,2,
12,螺旋駆動区域 螺旋驱动区域,26,8,4,8(宝物堆),270,2,
12,螺旋駆動区域 螺旋驱动区域,27,8,7,f(治愈点),,,
12,螺旋駆動区域 螺旋驱动区域,28,5,9,f(治愈点),,,
12,螺旋駆動区域 螺旋驱动区域,29,7,5,21,23,,
13,封印されし破条殿 被封印的破条殿,0,1,d,2(出击门),,,
13,封印されし破条殿 被封印的破条殿,1,6,6,5(刷怪旋涡),4,a,
13,封印されし破条殿 被封印的破条殿,2,6,4,20(挖掘点),19,8,
13,封印されし破条殿 被封印的破条殿,3,9,e,20(挖掘点),19,8,
13,封印されし破条殿 被封印的破条殿,4,9,6,20(挖掘点),19,8,
13,封印されし破条殿 被封印的破条殿,5,6,b,20(挖掘点),19,8,
13,封印されし破条殿 被封印的破条殿,6,5,a,1c,d,,
13,封印されし破条殿 被封印的破条殿,7,8,b,1c,d,,
13,封印されし破条殿 被封印的破条殿,8,2,1,2a(破损的石碑),14,,
13,封印されし破条殿 被封印的破条殿,9,3,1,2a(破损的石碑),14,,
13,封印されし破条殿 被封印的破条殿,10,4,1,2a(破损的石碑),14,,
13,封印されし破条殿 被封印的破条殿,11,2,e,2a(破损的石碑),14,,
13,封印されし破条殿 被封印的破条殿,12,3,e,2a(破损的石碑),14,,
13,封印されし破条殿 被封印的破条殿,13,4,e,2a(破损的石碑),14,,
13,封印されし破条殿 被封印的破条殿,14,c,e,2a(破损的石碑),14,,
13,封印されし破条殿 被封印的破条殿,15,d,c,2a(破损的石碑),14,,
13,封印されし破条殿 被封印的破条殿,16,b,e,2a(破损的石碑),14,,
13,封印されし破条殿 被封印的破条殿,17,d,e,2a(破损的石碑),14,,
13,封印されし破条殿 被封印的破条殿,18,6,1,8(宝物堆),187,2,
13,封印されし破条殿 被封印的破条殿,19,1,5,8(宝物堆),189,2,
13,封印されし破条殿 被封印的破条殿,20,3,a,8(宝物堆),188,2,
13,封印されし破条殿 被封印的破条殿,21,9,b,8(宝物堆),18a,2,
13,封印されし破条殿 被封印的破条殿,22,1,1,7,d4,2,
13,封印されし破条殿 被封印的破条殿,23,7,a,f(治愈点),,,
13,封印されし破条殿 被封印的破条殿,24,3,2,f(治愈点),,,
13,封印されし破条殿 被封印的破条殿,25,c,d,f(治愈点),,,
13,封印されし破条殿 被封印的破条殿,26,3,5,21,24,,
29,クミル村の水源地 库米尔村的水源地,0,7,8,7,1,,
29,クミル村の水源地 库米尔村的水源地,1,3,8,8(宝物堆),1f6,2,
29,クミル村の水源地 库米尔村的水源地,2,1,9,1f(采集点),5,4,
29,クミル村の水源地 库米尔村的水源地,3,2,9,1f(采集点),5,6,
29,クミル村の水源地 库米尔村的水源地,4,8,6,1f(采集点),5,5,
29,クミル村の水源地 库米尔村的水源地,5,9,5,1f(采集点),5,4,
29,クミル村の水源地 库米尔村的水源地,6,9,9,1f(采集点),5,4,
29,クミル村の水源地 库米尔村的水源地,7,6,10,5(刷怪旋涡),6,7,
29,クミル村の水源地 库米尔村的水源地,8,3,3,5(刷怪旋涡),7,6,
29,クミル村の水源地 库米尔村的水源地,9,7,3,5(刷怪旋涡),7,6,
29,クミル村の水源地 库米尔村的水源地,10,4,a,1c,2,,
29,クミル村の水源地 库米尔村的水源地,11,5,9,15,2,,
29,クミル村の水源地 库米尔村的水源地,12,2,f,15,2,,
29,クミル村の水源地 库米尔村的水源地,13,8,b,15,2,,
29,クミル村の水源地 库米尔村的水源地,14,7,d,2b,28,,
29,クミル村の水源地 库米尔村的水源地,15,9,b,2b,28,,
29,クミル村の水源地 库米尔村的水源地,16,8,e,2b,28,,
29,クミル村の水源地 库米尔村的水源地,17,5,11,2b,28,,
29,クミル村の水源地 库米尔村的水源地,18,1,4,29(枯萎的嫩芽),a,,
29,クミル村の水源地 库米尔村的水源地,19,1,e,29(枯萎的嫩芽),a,,
29,クミル村の水源地 库米尔村的水源地,20,8,11,8(宝物堆),a29,1,
29,クミル村の水源地 库米尔村的水源地,21,5,c,f(治愈点),,,
29,クミル村の水源地 库米尔村的水源地,22,5,c,10,,,
29,クミル村の水源地 库米尔村的水源地,23,5,6,f(治愈点),,,
29,クミル村の水源地 库米尔村的水源地,24,4,e,8(宝物堆),c9,a,
29,クミル村の水源地 库米尔村的水源地,25,7,a,21,22,,
2a,忘神の墓 忘神之墓,0,6,6,2(出击门),,,
2a,忘神の墓 忘神之墓,1,5,6,8(宝物堆),119,1,
2a,忘神の墓 忘神之墓,2,4,3,7,af1,1,
2a,忘神の墓 忘神之墓,3,8,1,7,11b,1,
2a,忘神の墓 忘神之墓,4,2,3,7,b19,1,
2a,忘神の墓 忘神之墓,5,1,6,1f(采集点),6,5,
2a,忘神の墓 忘神之墓,6,1,7,1f(采集点),6,6,
2a,忘神の墓 忘神之墓,7,1,9,20(挖掘点),b,4,
2a,忘神の墓 忘神之墓,8,8,7,1f(采集点),6,5,
2a,忘神の墓 忘神之墓,9,8,9,5(刷怪旋涡),6,7,
2a,忘神の墓 忘神之墓,10,8,2,1c,2,,
2a,忘神の墓 忘神之墓,11,8,3,1c,2,,
2a,忘神の墓 忘神之墓,12,7,c,1c,2,,
2a,忘神の墓 忘神之墓,13,5,7,29(枯萎的嫩芽),a,,
2a,忘神の墓 忘神之墓,14,5,9,29(枯萎的嫩芽),a,,
2a,忘神の墓 忘神之墓,15,8,6,29(枯萎的嫩芽),a,,
2a,忘神の墓 忘神之墓,16,8,a,29(枯萎的嫩芽),a,,
2a,忘神の墓 忘神之墓,17,3,6,9,,,
2a,忘神の墓 忘神之墓,18,1,b,2b,28,,
2a,忘神の墓 忘神之墓,19,3,8,f(治愈点),,,
2a,忘神の墓 忘神之墓,20,6,b,15,2,,
2b,魔葉の河畔林 魔叶的河畔林,0,9,3,5(刷怪旋涡),4,3,
2b,魔葉の河畔林 魔叶的河畔林,1,8,a,5(刷怪旋涡),3,8,
2b,魔葉の河畔林 魔叶的河畔林,2,1,9,5(刷怪旋涡),4,6,
2b,魔葉の河畔林 魔叶的河畔林,3,2,1,1f(采集点),10,4,
2b,魔葉の河畔林 魔叶的河畔林,4,9,2,1f(采集点),10,4,
2b,魔葉の河畔林 魔叶的河畔林,5,1,1,1f(采集点),10,6,
2b,魔葉の河畔林 魔叶的河畔林,6,7,9,1f(采集点),10,6,
2b,魔葉の河畔林 魔叶的河畔林,7,2,7,1c,7,,
2b,魔葉の河畔林 魔叶的河畔林,8,1,3,29(枯萎的嫩芽),a,,
2b,魔葉の河畔林 魔叶的河畔林,9,8,5,29(枯萎的嫩芽),a,,
2b,魔葉の河畔林 魔叶的河畔林,10,a,8,29(枯萎的嫩芽),a,,
2b,魔葉の河畔林 魔叶的河畔林,11,5,9,29(枯萎的嫩芽),a,,
2b,魔葉の河畔林 魔叶的河畔林,12,5,7,7,a2a,1,
2b,魔葉の河畔林 魔叶的河畔林,13,1,a,f(治愈点),,,
2b,魔葉の河畔林 魔叶的河畔林,14,a,4,f(治愈点),,,
2b,魔葉の河畔林 魔叶的河畔林,15,7,6,21,22,,
2b,魔葉の河畔林 魔叶的河畔林,16,8,6,15,,,
51,廃妖の谷底 废妖的谷底,0,e,1,1f(采集点),4,,
51,廃妖の谷底 废妖的谷底,1,a,4,1f(采集点),9,5,
51,廃妖の谷底 废妖的谷底,2,9,7,1f(采集点),9,5,
51,廃妖の谷底 废妖的谷底,3,1,7,1f(采集点),9,6,
51,廃妖の谷底 废妖的谷底,4,e,a,1f(采集点),9,7,
51,廃妖の谷底 废妖的谷底,5,3,d,20(挖掘点),7,5,
51,廃妖の谷底 废妖的谷底,6,3,e,20(挖掘点),7,6,
51,廃妖の谷底 废妖的谷底,7,3,6,5(刷怪旋涡),8,4,
51,廃妖の谷底 废妖的谷底,8,4,4,1c,3,,
51,廃妖の谷底 废妖的谷底,9,7,6,1c,4,,
51,廃妖の谷底 废妖的谷底,10,2,8,1c,4,,
51,廃妖の谷底 废妖的谷底,11,e,6,1c,4,,
51,廃妖の谷底 废妖的谷底,12,8,d,1c,4,,
51,廃妖の谷底 废妖的谷底,13,1,b,1c,8,,
51,廃妖の谷底 废妖的谷底,14,1,c,1c,8,,
51,廃妖の谷底 废妖的谷底,15,1,d,1c,8,,
51,廃妖の谷底 废妖的谷底,16,a,b,14,2,,
51,廃妖の谷底 废妖的谷底,17,d,b,14,2,,
51,廃妖の谷底 废妖的谷底,18,d,e,14,2,,
51,廃妖の谷底 废妖的谷底,19,b,d,11,2,,
51,廃妖の谷底 废妖的谷底,20,b,e,11,2,,
51,廃妖の谷底 废妖的谷底,21,e,d,11,2,,
51,廃妖の谷底 废妖的谷底,22,5,2,29(枯萎的嫩芽),a,,
51,廃妖の谷底 废妖的谷底,23,c,1,29(枯萎的嫩芽),a,,
51,廃妖の谷底 废妖的谷底,24,c,2,29(枯萎的嫩芽),a,,
51,廃妖の谷底 废妖的谷底,25,7,a,29(枯萎的嫩芽),a,,
51,廃妖の谷底 废妖的谷底,26,7,e,29(枯萎的嫩芽),a,,
51,廃妖の谷底 废妖的谷底,27,b,a,29(枯萎的嫩芽),a,,
51,廃妖の谷底 废妖的谷底,28,e,e,29(枯萎的嫩芽),a,,
51,廃妖の谷底 废妖的谷底,29,5,5,2a(破损的石碑),14,,
51,廃妖の谷底 废妖的谷底,30,5,7,2a(破损的石碑),14,,
51,廃妖の谷底 废妖的谷底,31,6,2,2b,28,,
51,廃妖の谷底 废妖的谷底,32,5,e,2c,50,,
51,廃妖の谷底 废妖的谷底,33,e,3,7,138,1,
51,廃妖の谷底 废妖的谷底,34,2,5,7,b09,1,
51,廃妖の谷底 废妖的谷底,35,4,2,8(宝物堆),d4,1,
51,廃妖の谷底 废妖的谷底,36,4,3,8(宝物堆),d5,1,
51,廃妖の谷底 废妖的谷底,37,2,c,b,,,
51,廃妖の谷底 废妖的谷底,38,7,3,9,,,
51,廃妖の谷底 废妖的谷底,39,6,8,f(治愈点),,,
51,廃妖の谷底 废妖的谷底,40,6,8,10,,,
51,廃妖の谷底 废妖的谷底,41,4,7,f(治愈点),,,
51,廃妖の谷底 废妖的谷底,42,6,b,f(治愈点),,,
51,廃妖の谷底 废妖的谷底,43,a,2,21,22,,
52,雲駆る吊り橋 凌云吊桥,0,e,a,2(出击门),,,
52,雲駆る吊り橋 凌云吊桥,1,5,6,20(挖掘点),8,4,
52,雲駆る吊り橋 凌云吊桥,2,b,3,20(挖掘点),8,4,
52,雲駆る吊り橋 凌云吊桥,3,b,4,20(挖掘点),8,5,
52,雲駆る吊り橋 凌云吊桥,4,f,b,20(挖掘点),8,6,
52,雲駆る吊り橋 凌云吊桥,5,2,1,1f(采集点),a,6,
52,雲駆る吊り橋 凌云吊桥,6,f,e,1f(采集点),a,6,
52,雲駆る吊り橋 凌云吊桥,7,7,d,5(刷怪旋涡),8,6,
52,雲駆る吊り橋 凌云吊桥,8,e,e,5(刷怪旋涡),6,8,
52,雲駆る吊り橋 凌云吊桥,9,3,8,1c,3,,
52,雲駆る吊り橋 凌云吊桥,10,2,b,1c,4,,
52,雲駆る吊り橋 凌云吊桥,11,f,8,1c,3,,
52,雲駆る吊り橋 凌云吊桥,12,b,e,1c,3,,
52,雲駆る吊り橋 凌云吊桥,13,5,9,16,2,,
52,雲駆る吊り橋 凌云吊桥,14,2,e,16,2,,
52,雲駆る吊り橋 凌云吊桥,15,9,6,16,2,,
52,雲駆る吊り橋 凌云吊桥,16,7,8,16,2,,
52,雲駆る吊り橋 凌云吊桥,17,e,8,16,2,,
52,雲駆る吊り橋 凌云吊桥,18,d,d,16,2,,
52,雲駆る吊り橋 凌云吊桥,19,1,e,29(枯萎的嫩芽),a,,
52,雲駆る吊り橋 凌云吊桥,20,9,d,29(枯萎的嫩芽),a,,
52,雲駆る吊り橋 凌云吊桥,21,2,8,29(枯萎的嫩芽),a,,
52,雲駆る吊り橋 凌云吊桥,22,5,5,29(枯萎的嫩芽),a,,
52,雲駆る吊り橋 凌云吊桥,23,f,3,29(枯萎的嫩芽),a,,
52,雲駆る吊り橋 凌云吊桥,24,1,1,2b,28,,
52,雲駆る吊り橋 凌云吊桥,25,1,3,2b,28,,
52,雲駆る吊り橋 凌云吊桥,26,6,3,8(宝物堆),18a,3,
52,雲駆る吊り橋 凌云吊桥,27,2,6,8(宝物堆),d0,1,
52,雲駆る吊り橋 凌云吊桥,28,3,4,a,,,
52,雲駆る吊り橋 凌云吊桥,29,8,7,a,,,
52,雲駆る吊り橋 凌云吊桥,30,3,5,3e,,,
52,雲駆る吊り橋 凌云吊桥,31,b,6,c,,,
52,雲駆る吊り橋 凌云吊桥,32,b,8,7,187,4,
52,雲駆る吊り橋 凌云吊桥,33,c,8,7,b05,1,
52,雲駆る吊り橋 凌云吊桥,34,8,e,f(治愈点),,,
52,雲駆る吊り橋 凌云吊桥,35,8,e,10,,,
52,雲駆る吊り橋 凌云吊桥,36,4,6,8(宝物堆),c9,a,
52,雲駆る吊り橋 凌云吊桥,37,9,8,f(治愈点),,,
53,幻獣の巣窟 幻兽的巢窟,0,5,3,20(挖掘点),5,,
53,幻獣の巣窟 幻兽的巢窟,1,4,7,20(挖掘点),10,3,
53,幻獣の巣窟 幻兽的巢窟,2,4,8,20(挖掘点),10,4,
53,幻獣の巣窟 幻兽的巢窟,3,8,5,1f(采集点),11,4,
53,幻獣の巣窟 幻兽的巢窟,4,5,2,1c,7,,
53,幻獣の巣窟 幻兽的巢窟,5,6,2,2a(破损的石碑),14,,
53,幻獣の巣窟 幻兽的巢窟,6,6,4,2a(破损的石碑),14,,
53,幻獣の巣窟 幻兽的巢窟,7,3,8,2a(破损的石碑),14,,
53,幻獣の巣窟 幻兽的巢窟,8,7,3,8(宝物堆),5db,3,
53,幻獣の巣窟 幻兽的巢窟,9,5,6,8(宝物堆),cd,1,
53,幻獣の巣窟 幻兽的巢窟,10,8,1,7,966,1,
53,幻獣の巣窟 幻兽的巢窟,11,5,4,f(治愈点),,,
53,幻獣の巣窟 幻兽的巢窟,12,7,7,21,22,,
54,飢狼の黒曜湖 饥狼的黑曜湖,0,2,e,2(出击门),,,
54,飢狼の黒曜湖 饥狼的黑曜湖,1,10,4,2(出击门),2,,
54,飢狼の黒曜湖 饥狼的黑曜湖,2,b,1,5(刷怪旋涡),5,a,
54,飢狼の黒曜湖 饥狼的黑曜湖,3,10,9,5(刷怪旋涡),5,a,
54,飢狼の黒曜湖 饥狼的黑曜湖,4,5,2,5(刷怪旋涡),6,7,
54,飢狼の黒曜湖 饥狼的黑曜湖,5,1,9,20(挖掘点),14,7,
54,飢狼の黒曜湖 饥狼的黑曜湖,6,2,9,20(挖掘点),14,7,
54,飢狼の黒曜湖 饥狼的黑曜湖,7,8,b,20(挖掘点),14,8,
54,飢狼の黒曜湖 饥狼的黑曜湖,8,6,b,1f(采集点),15,6,
54,飢狼の黒曜湖 饥狼的黑曜湖,9,a,8,1f(采集点),15,7,
54,飢狼の黒曜湖 饥狼的黑曜湖,10,11,9,1f(采集点),15,6,
54,飢狼の黒曜湖 饥狼的黑曜湖,11,f,b,1f(采集点),15,7,
54,飢狼の黒曜湖 饥狼的黑曜湖,12,c,5,1f(采集点),15,6,
54,飢狼の黒曜湖 饥狼的黑曜湖,13,a,2,1c,b,,
54,飢狼の黒曜湖 饥狼的黑曜湖,14,12,3,1c,b,,
54,飢狼の黒曜湖 饥狼的黑曜湖,15,4,6,14,2,,
54,飢狼の黒曜湖 饥狼的黑曜湖,16,5,c,14,2,,
54,飢狼の黒曜湖 饥狼的黑曜湖,17,7,a,14,2,,
54,飢狼の黒曜湖 饥狼的黑曜湖,18,8,e,14,2,,
54,飢狼の黒曜湖 饥狼的黑曜湖,19,b,3,14,2,,
54,飢狼の黒曜湖 饥狼的黑曜湖,20,a,5,14,2,,
54,飢狼の黒曜湖 饥狼的黑曜湖,21,e,4,14,2,,
54,飢狼の黒曜湖 饥狼的黑曜湖,22,f,8,14,2,,
54,飢狼の黒曜湖 饥狼的黑曜湖,23,6,1,14,2,,
54,飢狼の黒曜湖 饥狼的黑曜湖,24,7,5,14,2,,
54,飢狼の黒曜湖 饥狼的黑曜湖,25,5,f,2b,28,,
54,飢狼の黒曜湖 饥狼的黑曜湖,26,9,f,2b,28,,
54,飢狼の黒曜湖 饥狼的黑曜湖,27,e,e,2b,28,,
54,飢狼の黒曜湖 饥狼的黑曜湖,28,8,7,2b,28,,
54,飢狼の黒曜湖 饥狼的黑曜湖,29,2,a,2c,50,,
54,飢狼の黒曜湖 饥狼的黑曜湖,30,12,b,8(宝物堆),d2,1,
54,飢狼の黒曜湖 饥狼的黑曜湖,31,3,1,7,18a,2,
54,飢狼の黒曜湖 饥狼的黑曜湖,32,3,7,7,130,1,
54,飢狼の黒曜湖 饥狼的黑曜湖,33,6,6,f(治愈点),,,
54,飢狼の黒曜湖 饥狼的黑曜湖,34,a,d,f(治愈点),,,
54,飢狼の黒曜湖 饥狼的黑曜湖,35,b,4,f(治愈点),,,
54,飢狼の黒曜湖 饥狼的黑曜湖,36,8,1,21,23,,
54,飢狼の黒曜湖 饥狼的黑曜湖,37,c,c,14,2,,
65,苔の山滝 苔山瀑布,0,4,3,1f(采集点),5,,
65,苔の山滝 苔山瀑布,1,c,3,1f(采集点),c,5,
65,苔の山滝 苔山瀑布,2,c,5,1f(采集点),c,6,
65,苔の山滝 苔山瀑布,3,c,b,1f(采集点),c,4,
65,苔の山滝 苔山瀑布,4,6,2,5(刷怪旋涡),5,8,
65,苔の山滝 苔山瀑布,5,9,a,5(刷怪旋涡),6,7,
65,苔の山滝 苔山瀑布,6,5,6,1c,6,,
65,苔の山滝 苔山瀑布,7,c,8,1c,6,,
65,苔の山滝 苔山瀑布,8,b,a,f(治愈点),,,
65,苔の山滝 苔山瀑布,9,b,a,10,,,
65,苔の山滝 苔山瀑布,10,4,2,23,,,
65,苔の山滝 苔山瀑布,11,8,2,23,,,
65,苔の山滝 苔山瀑布,12,2,5,23,,,
65,苔の山滝 苔山瀑布,13,5,d,23,,,
65,苔の山滝 苔山瀑布,14,8,d,23,,,
65,苔の山滝 苔山瀑布,15,3,1,29(枯萎的嫩芽),a,,
65,苔の山滝 苔山瀑布,16,4,5,29(枯萎的嫩芽),a,,
65,苔の山滝 苔山瀑布,17,8,6,29(枯萎的嫩芽),a,,
65,苔の山滝 苔山瀑布,18,b,4,29(枯萎的嫩芽),a,,
65,苔の山滝 苔山瀑布,19,c,e,29(枯萎的嫩芽),a,,
65,苔の山滝 苔山瀑布,20,c,1,8(宝物堆),11d,1,
65,苔の山滝 苔山瀑布,21,8,3,8(宝物堆),cc,4,
65,苔の山滝 苔山瀑布,22,1,4,7,b03,1,
65,苔の山滝 苔山瀑布,23,5,5,f(治愈点),,,
65,苔の山滝 苔山瀑布,24,1,2,21,22,,
66,乾風の山 干风之山,0,1,6,20(挖掘点),6,,
66,乾風の山 干风之山,1,a,5,20(挖掘点),c,4,
66,乾風の山 干风之山,2,7,b,20(挖掘点),c,5,
66,乾風の山 干风之山,3,a,4,20(挖掘点),c,5,
67,嵐燐回廊 岚燐回廊,0,4,d,1f(采集点),5,,
67,嵐燐回廊 岚燐回廊,1,c,d,1f(采集点),d,5,
67,嵐燐回廊 岚燐回廊,2,4,2,5(刷怪旋涡),4,a,
67,嵐燐回廊 岚燐回廊,3,c,8,5(刷怪旋涡),3,d,
68,遺却の旧鉱山 废弃的旧矿山,0,1,8,20(挖掘点),7,,
68,遺却の旧鉱山 废弃的旧矿山,1,3,8,20(挖掘点),16,7,
68,遺却の旧鉱山 废弃的旧矿山,2,5,9,1f(采集点),16,6,
68,遺却の旧鉱山 废弃的旧矿山,3,8,3,1f(采集点),16,6,
68,遺却の旧鉱山 废弃的旧矿山,4,7,5,5(刷怪旋涡),3,a,
68,遺却の旧鉱山 废弃的旧矿山,5,2,1,29(枯萎的嫩芽),a,,
68,遺却の旧鉱山 废弃的旧矿山,6,5,8,29(枯萎的嫩芽),a,,
68,遺却の旧鉱山 废弃的旧矿山,7,7,8,29(枯萎的嫩芽),a,,
68,遺却の旧鉱山 废弃的旧矿山,8,b,2,29(枯萎的嫩芽),a,,
68,遺却の旧鉱山 废弃的旧矿山,9,d,a,1c,a,,
68,遺却の旧鉱山 废弃的旧矿山,10,2,8,3f,,,
68,遺却の旧鉱山 废弃的旧矿山,11,4,6,f(治愈点),,,
68,遺却の旧鉱山 废弃的旧矿山,12,6,8,21,24,,
68,遺却の旧鉱山 废弃的旧矿山,13,a,8,6,d,1,
68,遺却の旧鉱山 废弃的旧矿山,14,b,9,6,a,1,
68,遺却の旧鉱山 废弃的旧矿山,15,a,a,6,b,6,
68,遺却の旧鉱山 废弃的旧矿山,16,a,1,6,b,9,
68,遺却の旧鉱山 废弃的旧矿山,17,b,6,6,a,a,
68,遺却の旧鉱山 废弃的旧矿山,18,d,1,6,a,8,
68,遺却の旧鉱山 废弃的旧矿山,19,1,4,8(宝物堆),119,2,
68,遺却の旧鉱山 废弃的旧矿山,20,b,4,8(宝物堆),cc,3,
68,遺却の旧鉱山 废弃的旧矿山,21,d,8,8(宝物堆),137,5,
68,遺却の旧鉱山 废弃的旧矿山,22,e,8,8(宝物堆),18a,2,
68,遺却の旧鉱山 废弃的旧矿山,23,e,7,8(宝物堆),d4,1,
68,遺却の旧鉱山 废弃的旧矿山,24,1,a,8(宝物堆),ca,5,
68,遺却の旧鉱山 废弃的旧矿山,25,a,4,1c,a,,
68,遺却の旧鉱山 废弃的旧矿山,26,a,9,5(刷怪旋涡),5,6,
68,遺却の旧鉱山 废弃的旧矿山,27,7,1,13,2,,
68,遺却の旧鉱山 废弃的旧矿山,28,4,a,13,2,,
8d,国境の迎撃隧道 国境的迎击隧道,0,c,1,20(挖掘点),3,,
8d,国境の迎撃隧道 国境的迎击隧道,1,10,5,20(挖掘点),f,5,
8d,国境の迎撃隧道 国境的迎击隧道,2,a,1,5(刷怪旋涡),2,8,
8d,国境の迎撃隧道 国境的迎击隧道,3,7,7,5(刷怪旋涡),3,6,
8d,国境の迎撃隧道 国境的迎击隧道,4,c,9,5(刷怪旋涡),2,8,
8d,国境の迎撃隧道 国境的迎击隧道,5,c,3,1c,a,,
8d,国境の迎撃隧道 国境的迎击隧道,6,1,5,29(枯萎的嫩芽),a,,
8d,国境の迎撃隧道 国境的迎击隧道,7,5,6,29(枯萎的嫩芽),a,,
8d,国境の迎撃隧道 国境的迎击隧道,8,9,7,29(枯萎的嫩芽),a,,
8d,国境の迎撃隧道 国境的迎击隧道,9,9,9,29(枯萎的嫩芽),a,,
8d,国境の迎撃隧道 国境的迎击隧道,10,1,9,7,b1c,1,
8d,国境の迎撃隧道 国境的迎击隧道,11,1,1,3d,,,
8d,国境の迎撃隧道 国境的迎击隧道,12,b,5,f(治愈点),,,
8d,国境の迎撃隧道 国境的迎击隧道,13,b,5,10,,,
8d,国境の迎撃隧道 国境的迎击隧道,14,3,7,15,2,,
8d,国境の迎撃隧道 国境的迎击隧道,15,a,3,15,2,,
8d,国境の迎撃隧道 国境的迎击隧道,16,d,5,15,2,,
8d,国境の迎撃隧道 国境的迎击隧道,17,2,7,b,,,
8d,国境の迎撃隧道 国境的迎击隧道,18,1,7,7,11c,1,
8d,国境の迎撃隧道 国境的迎击隧道,19,7,3,f(治愈点),,,
8d,国境の迎撃隧道 国境的迎击隧道,20,f,4,1c,a,,
8d,国境の迎撃隧道 国境的迎击隧道,21,8,8,21,25,,
8e,崖下の熱滝 崖下的热瀑布,0,1,e,5(刷怪旋涡),3,d,
8e,崖下の熱滝 崖下的热瀑布,1,3,e,5(刷怪旋涡),5,8,
8e,崖下の熱滝 崖下的热瀑布,2,1,5,20(挖掘点),11,5,
8e,崖下の熱滝 崖下的热瀑布,3,1,9,20(挖掘点),11,7,
8e,崖下の熱滝 崖下的热瀑布,4,a,f,20(挖掘点),11,3,
8e,崖下の熱滝 崖下的热瀑布,5,a,12,1f(采集点),12,7,
8e,崖下の熱滝 崖下的热瀑布,6,a,13,1f(采集点),12,6,
8e,崖下の熱滝 崖下的热瀑布,7,5,3,1c,a,,
8e,崖下の熱滝 崖下的热瀑布,8,6,a,1c,a,,
8e,崖下の熱滝 崖下的热瀑布,9,9,d,1c,9,,
8e,崖下の熱滝 崖下的热瀑布,10,1,7,2b,28,,
8e,崖下の熱滝 崖下的热瀑布,11,5,4,2b,28,,
8e,崖下の熱滝 崖下的热瀑布,12,8,1,7,209,1,
8e,崖下の熱滝 崖下的热瀑布,13,a,5,7,188,2,
8e,崖下の熱滝 崖下的热瀑布,14,1,14,8(宝物堆),cb,5,
8e,崖下の熱滝 崖下的热瀑布,15,2,2,3d,,,
8e,崖下の熱滝 崖下的热瀑布,16,6,2,2(出击门),2,,
8e,崖下の熱滝 崖下的热瀑布,17,a,8,2(出击门),1,,
8e,崖下の熱滝 崖下的热瀑布,18,2,11,f(治愈点),,,
8e,崖下の熱滝 崖下的热瀑布,19,4,8,1e,,,
8e,崖下の熱滝 崖下的热瀑布,20,5,7,1e,,,
8e,崖下の熱滝 崖下的热瀑布,21,6,8,1e,,,
8e,崖下の熱滝 崖下的热瀑布,22,7,7,1e,,,
8e,崖下の熱滝 崖下的热瀑布,23,4,c,1e,,,
8e,崖下の熱滝 崖下的热瀑布,24,5,d,1e,,,
8e,崖下の熱滝 崖下的热瀑布,25,6,c,1e,,,
8e,崖下の熱滝 崖下的热瀑布,26,7,d,1e,,,
8e,崖下の熱滝 崖下的热瀑布,27,3,10,16,2,,
8e,崖下の熱滝 崖下的热瀑布,28,1,12,16,2,,
8e,崖下の熱滝 崖下的热瀑布,29,8,b,16,2,,
8e,崖下の熱滝 崖下的热瀑布,30,2,a,15,2,,
8e,崖下の熱滝 崖下的热瀑布,31,9,13,15,2,,
8e,崖下の熱滝 崖下的热瀑布,32,a,1,21,24,,
8f,ドシュア砕屑崖 多舒阿碎屑崖,0,a,d,2(出击门),,,
8f,ドシュア砕屑崖 多舒阿碎屑崖,1,3,13,2(出击门),,,
8f,ドシュア砕屑崖 多舒阿碎屑崖,2,2,b,2(出击门),2,,
8f,ドシュア砕屑崖 多舒阿碎屑崖,3,2,5,5(刷怪旋涡),7,7,
8f,ドシュア砕屑崖 多舒阿碎屑崖,4,5,b,5(刷怪旋涡),7,7,
8f,ドシュア砕屑崖 多舒阿碎屑崖,5,b,8,5(刷怪旋涡),5,a,
8f,ドシュア砕屑崖 多舒阿碎屑崖,6,14,7,5(刷怪旋涡),5,a,
8f,ドシュア砕屑崖 多舒阿碎屑崖,7,7,f,5(刷怪旋涡),8,6,
8f,ドシュア砕屑崖 多舒阿碎屑崖,8,7,15,5(刷怪旋涡),8,6,
8f,ドシュア砕屑崖 多舒阿碎屑崖,9,13,1,1f(采集点),17,a,
8f,ドシュア砕屑崖 多舒阿碎屑崖,10,2,10,20(挖掘点),17,7,
8f,ドシュア砕屑崖 多舒阿碎屑崖,11,15,c,20(挖掘点),17,8,
8f,ドシュア砕屑崖 多舒阿碎屑崖,12,1,10,20(挖掘点),17,7,
8f,ドシュア砕屑崖 多舒阿碎屑崖,13,9,12,20(挖掘点),17,8,
8f,ドシュア砕屑崖 多舒阿碎屑崖,14,a,6,1c,a,,
8f,ドシュア砕屑崖 多舒阿碎屑崖,15,11,c,1c,a,,
8f,ドシュア砕屑崖 多舒阿碎屑崖,16,5,13,1c,a,,
8f,ドシュア砕屑崖 多舒阿碎屑崖,17,2,8,1c,a,,
8f,ドシュア砕屑崖 多舒阿碎屑崖,18,b,12,1c,9,,
8f,ドシュア砕屑崖 多舒阿碎屑崖,19,e,5,2b,28,,
8f,ドシュア砕屑崖 多舒阿碎屑崖,20,15,a,2b,28,,
8f,ドシュア砕屑崖 多舒阿碎屑崖,21,7,10,2b,28,,
8f,ドシュア砕屑崖 多舒阿碎屑崖,22,e,15,2b,28,,
8f,ドシュア砕屑崖 多舒阿碎屑崖,23,f,15,2b,28,,
8f,ドシュア砕屑崖 多舒阿碎屑崖,24,5,8,7,afc,1,
8f,ドシュア砕屑崖 多舒阿碎屑崖,25,11,8,7,afa,1,
8f,ドシュア砕屑崖 多舒阿碎屑崖,26,3,f,7,b11,1,
8f,ドシュア砕屑崖 多舒阿碎屑崖,27,1,e,7,afe,1,
8f,ドシュア砕屑崖 多舒阿碎屑崖,28,7,5,8(宝物堆),189,3,
8f,ドシュア砕屑崖 多舒阿碎屑崖,29,8,d,8(宝物堆),11d,1,
8f,ドシュア砕屑崖 多舒阿碎屑崖,30,b,f,8(宝物堆),137,2,
8f,ドシュア砕屑崖 多舒阿碎屑崖,31,2,6,12,2,,
8f,ドシュア砕屑崖 多舒阿碎屑崖,32,14,5,12,2,,
8f,ドシュア砕屑崖 多舒阿碎屑崖,33,8,c,12,2,,
8f,ドシュア砕屑崖 多舒阿碎屑崖,34,13,b,12,2,,
8f,ドシュア砕屑崖 多舒阿碎屑崖,35,6,11,12,2,,
8f,ドシュア砕屑崖 多舒阿碎屑崖,36,a,13,12,2,,
8f,ドシュア砕屑崖 多舒阿碎屑崖,37,1,d,d,,,
8f,ドシュア砕屑崖 多舒阿碎屑崖,38,5,c,f(治愈点),,,
8f,ドシュア砕屑崖 多舒阿碎屑崖,39,6,15,f(治愈点),,,
8f,ドシュア砕屑崖 多舒阿碎屑崖,40,f,13,2(出击门),,,
8f,ドシュア砕屑崖 多舒阿碎屑崖,41,2,14,d,,,
8f,ドシュア砕屑崖 多舒阿碎屑崖,42,1,14,7,83d,1,
8f,ドシュア砕屑崖 多舒阿碎屑崖,43,9,9,21,23,,
8f,ドシュア砕屑崖 多舒阿碎屑崖,44,12,10,5(刷怪旋涡),3,d,
a1,溶け落ちる集落 熔解的村落,0,2,c,2(出击门),,,
a1,溶け落ちる集落 熔解的村落,1,c,7,2(出击门),2,,
a1,溶け落ちる集落 熔解的村落,2,8,6,5(刷怪旋涡),4,a,
a1,溶け落ちる集落 熔解的村落,3,6,8,5(刷怪旋涡),4,a,
a1,溶け落ちる集落 熔解的村落,4,b,1,20(挖掘点),15,8,
a1,溶け落ちる集落 熔解的村落,5,c,1,20(挖掘点),15,8,
a1,溶け落ちる集落 熔解的村落,6,d,3,20(挖掘点),15,8,
a1,溶け落ちる集落 熔解的村落,7,8,3,20(挖掘点),15,8,
a1,溶け落ちる集落 熔解的村落,8,3,6,20(挖掘点),15,8,
a1,溶け落ちる集落 熔解的村落,9,7,1,1c,a,,
a1,溶け落ちる集落 熔解的村落,10,7,c,1c,a,,
a1,溶け落ちる集落 熔解的村落,11,3,8,29(枯萎的嫩芽),a,,
a1,溶け落ちる集落 熔解的村落,12,8,d,29(枯萎的嫩芽),a,,
a1,溶け落ちる集落 熔解的村落,13,d,b,29(枯萎的嫩芽),a,,
a1,溶け落ちる集落 熔解的村落,14,d,c,29(枯萎的嫩芽),a,,
a1,溶け落ちる集落 熔解的村落,15,1,e,2b,28,,
a1,溶け落ちる集落 熔解的村落,16,3,e,2b,28,,
a1,溶け落ちる集落 熔解的村落,17,c,2,2c,50,,
a1,溶け落ちる集落 熔解的村落,18,2,11,7,3ec,1,
a1,溶け落ちる集落 熔解的村落,19,2,10,c,,,
a1,溶け落ちる集落 熔解的村落,20,3,f,8(宝物堆),63f,2,
a1,溶け落ちる集落 熔解的村落,21,c,11,8(宝物堆),cd,3,
a1,溶け落ちる集落 熔解的村落,22,d,10,8(宝物堆),d0,3,
a1,溶け落ちる集落 熔解的村落,23,d,11,8(宝物堆),d2,3,
a1,溶け落ちる集落 熔解的村落,24,1,6,12,2,,
a1,溶け落ちる集落 熔解的村落,25,b,3,12,2,,
a1,溶け落ちる集落 熔解的村落,26,5,6,12,2,,
a1,溶け落ちる集落 熔解的村落,27,9,8,12,2,,
a1,溶け落ちる集落 熔解的村落,28,6,b,12,2,,
a1,溶け落ちる集落 熔解的村落,29,c,c,12,2,,
a1,溶け落ちる集落 熔解的村落,30,b,6,12,2,,
a1,溶け落ちる集落 熔解的村落,31,7,4,12,2,,
a1,溶け落ちる集落 熔解的村落,32,3,d,12,2,,
a1,溶け落ちる集落 熔解的村落,33,2,7,f(治愈点),,,
a1,溶け落ちる集落 熔解的村落,34,8,8,5(刷怪旋涡),3,d,
a2,魔人墓楼,0,8,b,20(挖掘点),9,,
a2,魔人墓楼,1,9,f,1f(采集点),19,7,
a2,魔人墓楼,2,2,b,1f(采集点),19,7,
a2,魔人墓楼,3,3,8,5(刷怪旋涡),4,7,
a2,魔人墓楼,4,7,8,5(刷怪旋涡),4,7,
a2,魔人墓楼,5,3,c,5(刷怪旋涡),4,7,
a2,魔人墓楼,6,7,c,5(刷怪旋涡),4,7,
a2,魔人墓楼,7,2,f,5(刷怪旋涡),5,6,
a2,魔人墓楼,8,9,d,5(刷怪旋涡),5,6,
a2,魔人墓楼,9,5,c,1c,c,,
a2,魔人墓楼,10,9,13,1c,d,,
a2,魔人墓楼,11,9,9,8(宝物堆),d2,1,
a2,魔人墓楼,12,1,e,8(宝物堆),d0,1,
a2,魔人墓楼,13,2,12,8(宝物堆),d5,1,
a2,魔人墓楼,14,5,7,a,,,
a2,魔人墓楼,15,5,8,40,,,
a2,魔人墓楼,16,5,2,7,afe,1,
a2,魔人墓楼,17,6,e,f(治愈点),,,
a2,魔人墓楼,18,5,13,f(治愈点),,,
a2,魔人墓楼,19,5,13,10,,,
a2,魔人墓楼,20,3,10,2b,28,,
a2,魔人墓楼,21,3,11,2b,28,,
a2,魔人墓楼,22,7,10,2b,28,,
a2,魔人墓楼,23,7,11,2b,28,,
a2,魔人墓楼,24,5,5,2(出击门),,,
a2,魔人墓楼,25,2,5,21,23,,
a2,魔人墓楼,26,4,9,f(治愈点),,,
a2,魔人墓楼,27,4,a,13,2,,
a2,魔人墓楼,28,2,13,13,2,,
a2,魔人墓楼,29,9,14,11,2,,
b5,荒れ果てた森都 荒废的森都,0,10,b,f(治愈点),,,
b5,荒れ果てた森都 荒废的森都,1,10,b,10,,,
b5,荒れ果てた森都 荒废的森都,2,d,c,2(出击门),,,
b5,荒れ果てた森都 荒废的森都,3,4,9,2(出击门),,,
b5,荒れ果てた森都 荒废的森都,4,5,6,5(刷怪旋涡),6,7,
b5,荒れ果てた森都 荒废的森都,5,9,9,5(刷怪旋涡),5,8,
b5,荒れ果てた森都 荒废的森都,6,f,a,5(刷怪旋涡),5,8,
b5,荒れ果てた森都 荒废的森都,7,5,1,20(挖掘点),18,6,
b5,荒れ果てた森都 荒废的森都,8,2,8,20(挖掘点),18,7,
b5,荒れ果てた森都 荒废的森都,9,2,9,20(挖掘点),18,8,
b5,荒れ果てた森都 荒废的森都,10,1,9,20(挖掘点),18,7,
b5,荒れ果てた森都 荒废的森都,11,8,4,1f(采集点),18,6,
b5,荒れ果てた森都 荒废的森都,12,14,9,1f(采集点),18,7,
b5,荒れ果てた森都 荒废的森都,13,6,10,1f(采集点),18,6,
b5,荒れ果てた森都 荒废的森都,14,14,a,1f(采集点),18,7,
b5,荒れ果てた森都 荒废的森都,15,5,4,1c,c,,
b5,荒れ果てた森都 荒废的森都,16,d,7,1c,d,,
b5,荒れ果てた森都 荒废的森都,17,f,11,1c,c,,
b5,荒れ果てた森都 荒废的森都,18,12,2,1c,d,,
b5,荒れ果てた森都 荒废的森都,19,8,c,2a(破损的石碑),14,,
b5,荒れ果てた森都 荒废的森都,20,9,6,2a(破损的石碑),14,,
b5,荒れ果てた森都 荒废的森都,21,a,a,2a(破损的石碑),14,,
b5,荒れ果てた森都 荒废的森都,22,5,b,2a(破损的石碑),14,,
b5,荒れ果てた森都 荒废的森都,23,d,9,2a(破损的石碑),14,,
b5,荒れ果てた森都 荒废的森都,24,d,a,2a(破损的石碑),14,,
b5,荒れ果てた森都 荒废的森都,25,7,7,2a(破损的石碑),14,,
b5,荒れ果てた森都 荒废的森都,26,8,7,2a(破损的石碑),14,,
b5,荒れ果てた森都 荒废的森都,27,a,c,2a(破损的石碑),14,,
b5,荒れ果てた森都 荒废的森都,28,b,c,2a(破损的石碑),14,,
b5,荒れ果てた森都 荒废的森都,29,10,1,2c,50,,
b5,荒れ果てた森都 荒废的森都,30,14,5,7,187,5,
b5,荒れ果てた森都 荒废的森都,31,10,4,8(宝物堆),12f,1,
b5,荒れ果てた森都 荒废的森都,32,8,1,8(宝物堆),cc,5,
b5,荒れ果てた森都 荒废的森都,33,b,3,8(宝物堆),d6,3,
b5,荒れ果てた森都 荒废的森都,34,2,e,8(宝物堆),141,1,
b5,荒れ果てた森都 荒废的森都,35,14,b,8(宝物堆),119,1,
b5,荒れ果てた森都 荒废的森都,36,1,7,b,,,
b5,荒れ果てた森都 荒废的森都,37,13,e,c,,,
b5,荒れ果てた森都 荒废的森都,38,13,5,c,,,
b5,荒れ果てた森都 荒废的森都,39,10,8,a,,,
b5,荒れ果てた森都 荒废的森都,40,10,9,9,,,
b5,荒れ果てた森都 荒废的森都,41,4,6,f(治愈点),,,
b5,荒れ果てた森都 荒废的森都,42,14,e,7,89d,1,
b5,荒れ果てた森都 荒废的森都,43,12,d,11,2,,
b5,荒れ果てた森都 荒废的森都,44,4,5,11,2,,
b5,荒れ果てた森都 荒废的森都,45,9,b,11,2,,
c9,罪磁の塔 罪磁之塔,0,1,6,5(刷怪旋涡),4,a,
c9,罪磁の塔 罪磁之塔,1,6,b,5(刷怪旋涡),4,a,
c9,罪磁の塔 罪磁之塔,2,b,6,5(刷怪旋涡),4,a,
c9,罪磁の塔 罪磁之塔,3,9,9,5(刷怪旋涡),5,8,
c9,罪磁の塔 罪磁之塔,4,5,3,1f(采集点),1b,7,
c9,罪磁の塔 罪磁之塔,5,9,2,1f(采集点),1b,8,
c9,罪磁の塔 罪磁之塔,6,3,9,1f(采集点),1b,9,
c9,罪磁の塔 罪磁之塔,7,a,7,1f(采集点),1b,8,
c9,罪磁の塔 罪磁之塔,8,2,5,1c,c,,
c9,罪磁の塔 罪磁之塔,9,1,3,2a(破损的石碑),14,,
c9,罪磁の塔 罪磁之塔,10,7,2,2a(破损的石碑),14,,
c9,罪磁の塔 罪磁之塔,11,4,9,2a(破损的石碑),14,,
c9,罪磁の塔 罪磁之塔,12,2,9,8(宝物堆),dc,5,
c9,罪磁の塔 罪磁之塔,13,9,3,8(宝物堆),130,1,
c9,罪磁の塔 罪磁之塔,14,a,9,7,d4,1,
c9,罪磁の塔 罪磁之塔,15,6,4,f(治愈点),,,
c9,罪磁の塔 罪磁之塔,16,6,8,f(治愈点),,,
c9,罪磁の塔 罪磁之塔,17,3,4,21,23,,
c9,罪磁の塔 罪磁之塔,18,3,7,6,9,4,
c9,罪磁の塔 罪磁之塔,19,9,4,6,3,7,
c9,罪磁の塔 罪磁之塔,20,3,8,8(宝物堆),cc,3,
ca,怨嗟の間 怨嗟之间,0,7,9,5(刷怪旋涡),6,7,
ca,怨嗟の間 怨嗟之间,1,c,2,5(刷怪旋涡),6,7,
ca,怨嗟の間 怨嗟之间,2,7,1,20(挖掘点),1c,5,
ca,怨嗟の間 怨嗟之间,3,2,6,20(挖掘点),1c,6,
ca,怨嗟の間 怨嗟之间,4,6,b,1f(采集点),1c,7,
ca,怨嗟の間 怨嗟之间,5,7,b,1f(采集点),1c,8,
ca,怨嗟の間 怨嗟之间,6,7,4,1c,c,,
ca,怨嗟の間 怨嗟之间,7,9,e,1c,d,,
ca,怨嗟の間 怨嗟之间,8,b,e,2a(破损的石碑),14,,
ca,怨嗟の間 怨嗟之间,9,d,e,2a(破损的石碑),14,,
ca,怨嗟の間 怨嗟之间,10,a,7,2a(破损的石碑),14,,
ca,怨嗟の間 怨嗟之间,11,e,7,2a(破损的石碑),14,,
ca,怨嗟の間 怨嗟之间,12,5,4,2a(破损的石碑),14,,
ca,怨嗟の間 怨嗟之间,13,5,a,2a(破损的石碑),14,,
ca,怨嗟の間 怨嗟之间,14,4,4,8(宝物堆),188,2,
ca,怨嗟の間 怨嗟之间,15,9,c,8(宝物堆),d5,2,
ca,怨嗟の間 怨嗟之间,16,5,9,7,11f,1,
ca,怨嗟の間 怨嗟之间,17,e,c,7,120,1,
ca,怨嗟の間 怨嗟之间,18,3,7,f(治愈点),,,
ca,怨嗟の間 怨嗟之间,19,c,c,f(治愈点),,,
ca,怨嗟の間 怨嗟之间,20,3,d,f(治愈点),,,
ca,怨嗟の間 怨嗟之间,21,3,d,10,,,
ca,怨嗟の間 怨嗟之间,22,7,e,17(陷阱),2,,
ca,怨嗟の間 怨嗟之间,23,6,4,18,2,,
ca,怨嗟の間 怨嗟之间,24,3,b,19,2,,
cb,黒檀の籠属宮 黑檀笼属宫,0,1,7,5(刷怪旋涡),2,12,
cb,黒檀の籠属宮 黑檀笼属宫,1,5,7,5(刷怪旋涡),5,8,
cb,黒檀の籠属宮 黑檀笼属宫,2,2,b,5(刷怪旋涡),2,12,
cb,黒檀の籠属宮 黑檀笼属宫,3,4,b,5(刷怪旋涡),4,a,
cb,黒檀の籠属宮 黑檀笼属宫,4,1,5,1f(采集点),1d,8,
cb,黒檀の籠属宮 黑檀笼属宫,5,5,1,1f(采集点),1d,8,
cb,黒檀の籠属宮 黑檀笼属宫,6,1,9,1f(采集点),1d,8,
cb,黒檀の籠属宮 黑檀笼属宫,7,3,5,1c,c,,
cb,黒檀の籠属宮 黑檀笼属宫,8,1,1,2b,28,,
cb,黒檀の籠属宮 黑檀笼属宫,9,1,f,2b,28,,
cb,黒檀の籠属宮 黑檀笼属宫,10,5,f,2b,28,,
cb,黒檀の籠属宮 黑檀笼属宫,11,5,b,8(宝物堆),cc,5,
cb,黒檀の籠属宮 黑檀笼属宫,12,5,5,8(宝物堆),d4,1,
cb,黒檀の籠属宮 黑檀笼属宫,13,3,1,7,142,1,
cb,黒檀の籠属宮 黑檀笼属宫,14,1,d,7,18b,3,
cb,黒檀の籠属宮 黑檀笼属宫,15,3,2,2(出击门),2,,
cb,黒檀の籠属宮 黑檀笼属宫,16,4,5,f(治愈点),,,
cb,黒檀の籠属宮 黑檀笼属宫,17,3,b,f(治愈点),,,
cb,黒檀の籠属宮 黑檀笼属宫,18,1,b,21,23,,
cb,黒檀の籠属宮 黑檀笼属宫,19,2,d,17(陷阱),2,,
cb,黒檀の籠属宮 黑檀笼属宫,20,4,4,17(陷阱),2,,
cc,溢霊の沼 溢灵之沼,0,2,4,5(刷怪旋涡),5,8,
cc,溢霊の沼 溢灵之沼,1,a,4,5(刷怪旋涡),5,8,
cc,溢霊の沼 溢灵之沼,2,1,4,20(挖掘点),1d,6,
cc,溢霊の沼 溢灵之沼,3,6,b,20(挖掘点),1d,5,
cc,溢霊の沼 溢灵之沼,4,4,b,1f(采集点),1f,7,
cc,溢霊の沼 溢灵之沼,5,4,8,1f(采集点),1f,6,
cc,溢霊の沼 溢灵之沼,6,b,9,1f(采集点),1f,6,
cc,溢霊の沼 溢灵之沼,7,6,7,1c,e,,
cc,溢霊の沼 溢灵之沼,8,3,6,2b,28,,
cc,溢霊の沼 溢灵之沼,9,1,d,2b,28,,
cc,溢霊の沼 溢灵之沼,10,7,b,2b,28,,
cc,溢霊の沼 溢灵之沼,11,b,5,2b,28,,
cc,溢霊の沼 溢灵之沼,12,b,3,7,b14,1,
cc,溢霊の沼 溢灵之沼,13,6,4,41,,,
cc,溢霊の沼 溢灵之沼,14,2,c,f(治愈点),,,
cc,溢霊の沼 溢灵之沼,15,3,a,21,23,,
cc,溢霊の沼 溢灵之沼,16,2,b,15,2,,
cc,溢霊の沼 溢灵之沼,17,5,8,15,2,,
cc,溢霊の沼 溢灵之沼,18,8,9,15,2,,
dd,グレーベル大堤防 格雷贝尔大堤防,0,a,2,2(出击门),,,
dd,グレーベル大堤防 格雷贝尔大堤防,1,1,4,1f(采集点),1a,6,
dd,グレーベル大堤防 格雷贝尔大堤防,2,b,8,1f(采集点),1a,6,
dd,グレーベル大堤防 格雷贝尔大堤防,3,c,8,1f(采集点),1a,8,
dd,グレーベル大堤防 格雷贝尔大堤防,4,6,3,1f(采集点),1a,7,
dd,グレーベル大堤防 格雷贝尔大堤防,5,c,2,20(挖掘点),1b,9,
dd,グレーベル大堤防 格雷贝尔大堤防,6,7,8,20(挖掘点),1b,7,
dd,グレーベル大堤防 格雷贝尔大堤防,7,7,9,20(挖掘点),1b,7,
dd,グレーベル大堤防 格雷贝尔大堤防,8,8,1,1c,c,,
dd,グレーベル大堤防 格雷贝尔大堤防,9,2,c,1c,d,,
dd,グレーベル大堤防 格雷贝尔大堤防,10,d,4,29(枯萎的嫩芽),a,,
dd,グレーベル大堤防 格雷贝尔大堤防,11,13,1,29(枯萎的嫩芽),a,,
dd,グレーベル大堤防 格雷贝尔大堤防,12,1,6,29(枯萎的嫩芽),a,,
dd,グレーベル大堤防 格雷贝尔大堤防,13,6,a,29(枯萎的嫩芽),a,,
dd,グレーベル大堤防 格雷贝尔大堤防,14,10,2,29(枯萎的嫩芽),a,,
dd,グレーベル大堤防 格雷贝尔大堤防,15,2,1,29(枯萎的嫩芽),a,,
dd,グレーベル大堤防 格雷贝尔大堤防,16,e,a,8(宝物堆),cc,5,
dd,グレーベル大堤防 格雷贝尔大堤防,17,13,c,8(宝物堆),d1,5,
dd,グレーベル大堤防 格雷贝尔大堤防,18,1c,4,7,452,1,
dd,グレーベル大堤防 格雷贝尔大堤防,19,12,a,3f,,,
dd,グレーベル大堤防 格雷贝尔大堤防,20,12,3,f(治愈点),,,
dd,グレーベル大堤防 格雷贝尔大堤防,21,4,8,5(刷怪旋涡),6,8,
dd,グレーベル大堤防 格雷贝尔大堤防,22,c,3,5(刷怪旋涡),6,8,
dd,グレーベル大堤防 格雷贝尔大堤防,23,19,4,2(出击门),2,,
dd,グレーベル大堤防 格雷贝尔大堤防,24,15,c,2(出击门),,,
dd,グレーベル大堤防 格雷贝尔大堤防,25,19,2,21,23,,
dd,グレーベル大堤防 格雷贝尔大堤防,26,4,4,f(治愈点),,,
dd,グレーベル大堤防 格雷贝尔大堤防,27,7,b,15,2,,
dd,グレーベル大堤防 格雷贝尔大堤防,28,10,1,15,2,,
f1,ルベータ・テルメス 卢贝塔·特尔梅斯,0,3,9,2(出击门),,,
f1,ルベータ・テルメス 卢贝塔·特尔梅斯,1,d,11,2(出击门),,,
f1,ルベータ・テルメス 卢贝塔·特尔梅斯,2,7,8,5(刷怪旋涡),6,7,
f1,ルベータ・テルメス 卢贝塔·特尔梅斯,3,b,d,5(刷怪旋涡),6,7,
f1,ルベータ・テルメス 卢贝塔·特尔梅斯,4,3,f,5(刷怪旋涡),6,7,
f1,ルベータ・テルメス 卢贝塔·特尔梅斯,5,1,8,1f(采集点),1e,8,
f1,ルベータ・テルメス 卢贝塔·特尔梅斯,6,d,7,1f(采集点),1e,7,
f1,ルベータ・テルメス 卢贝塔·特尔梅斯,7,4,d,1f(采集点),1e,8,
f1,ルベータ・テルメス 卢贝塔·特尔梅斯,8,5,11,1f(采集点),1e,8,
f1,ルベータ・テルメス 卢贝塔·特尔梅斯,9,3,7,1f(采集点),1e,7,
f1,ルベータ・テルメス 卢贝塔·特尔梅斯,10,4,9,1f(采集点),1e,6,
f1,ルベータ・テルメス 卢贝塔·特尔梅斯,11,6,2,1f(采集点),1e,7,
f1,ルベータ・テルメス 卢贝塔·特尔梅斯,12,c,a,1f(采集点),1e,6,
f1,ルベータ・テルメス 卢贝塔·特尔梅斯,13,2,2,1c,e,,
f1,ルベータ・テルメス 卢贝塔·特尔梅斯,14,7,f,1c,e,,
f1,ルベータ・テルメス 卢贝塔·特尔梅斯,15,9,1,1c,e,,
f1,ルベータ・テルメス 卢贝塔·特尔梅斯,16,8,a,1c,e,,
f1,ルベータ・テルメス 卢贝塔·特尔梅斯,17,3,d,1c,e,,
f1,ルベータ・テルメス 卢贝塔·特尔梅斯,18,d,f,1c,e,,
f1,ルベータ・テルメス 卢贝塔·特尔梅斯,19,7,3,29(枯萎的嫩芽),a,,
f1,ルベータ・テルメス 卢贝塔·特尔梅斯,20,e,a,29(枯萎的嫩芽),a,,
f1,ルベータ・テルメス 卢贝塔·特尔梅斯,21,d,c,29(枯萎的嫩芽),a,,
f1,ルベータ・テルメス 卢贝塔·特尔梅斯,22,4,11,29(枯萎的嫩芽),a,,
f1,ルベータ・テルメス 卢贝塔·特尔梅斯,23,1,6,29(枯萎的嫩芽),a,,
f1,ルベータ・テルメス 卢贝塔·特尔梅斯,24,b,7,29(枯萎的嫩芽),a,,
f1,ルベータ・テルメス 卢贝塔·特尔梅斯,25,7,d,29(枯萎的嫩芽),a,,
f1,ルベータ・テルメス 卢贝塔·特尔梅斯,26,1,10,29(枯萎的嫩芽),a,,
f1,ルベータ・テルメス 卢贝塔·特尔梅斯,27,1,9,8(宝物堆),c9,f,
f1,ルベータ・テルメス 卢贝塔·特尔梅斯,28,b,10,f(治愈点),,,
f1,ルベータ・テルメス 卢贝塔·特尔梅斯,29,e,b,5(刷怪旋涡),1,5,
f1,ルベータ・テルメス 卢贝塔·特尔梅斯,30,e,7,5(刷怪旋涡),1,5,
f1,ルベータ・テルメス 卢贝塔·特尔梅斯,31,1,3,f(治愈点),,,
f1,ルベータ・テルメス 卢贝塔·特尔梅斯,32,7,b,f(治愈点),,,
f2,ルベータ石灰棚 卢贝塔石灰台地,0,7,e,3c,,,
f2,ルベータ石灰棚 卢贝塔石灰台地,1,9,5,22,,,
f2,ルベータ石灰棚 卢贝塔石灰台地,2,3,9,22,,,
f2,ルベータ石灰棚 卢贝塔石灰台地,3,c,d,22,,,
105,モルツィオーネ城 莫尔齐奥内城,0,a,7,2(出击门),,,
105,モルツィオーネ城 莫尔齐奥内城,1,12,12,2(出击门),,,
105,モルツィオーネ城 莫尔齐奥内城,2,a,1,1a,2,3,10
105,モルツィオーネ城 莫尔齐奥内城,3,2,2,1a,2,5,a
105,モルツィオーネ城 莫尔齐奥内城,4,3,2,1a,2,5,a
105,モルツィオーネ城 莫尔齐奥内城,5,a,9,1a,2,4,b
105,モルツィオーネ城 莫尔齐奥内城,6,6,c,1a,2,4,b
105,モルツィオーネ城 莫尔齐奥内城,7,7,c,1a,2,4,b
105,モルツィオーネ城 莫尔齐奥内城,8,9,9,1a,2,4,b
105,モルツィオーネ城 莫尔齐奥内城,9,b,9,1a,2,4,b
105,モルツィオーネ城 莫尔齐奥内城,10,a,11,1a,2,3,10
105,モルツィオーネ城 莫尔齐奥内城,11,2,9,1a,2,3,10
105,モルツィオーネ城 莫尔齐奥内城,12,1,2,20(挖掘点),1e,6,
105,モルツィオーネ城 莫尔齐奥内城,13,a,d,20(挖掘点),1e,6,
105,モルツィオーネ城 莫尔齐奥内城,14,9,13,20(挖掘点),1e,6,
105,モルツィオーネ城 莫尔齐奥内城,15,b,13,20(挖掘点),1e,6,
105,モルツィオーネ城 莫尔齐奥内城,16,6,3,1c,f,,
105,モルツィオーネ城 莫尔齐奥内城,17,a,4,1c,f,,
105,モルツィオーネ城 莫尔齐奥内城,18,3,c,1c,f,,
105,モルツィオーネ城 莫尔齐奥内城,19,12,9,1c,f,,
105,モルツィオーネ城 莫尔齐奥内城,20,d,f,1c,f,,
105,モルツィオーネ城 莫尔齐奥内城,21,4,9,2a(破损的石碑),14,,
105,モルツィオーネ城 莫尔齐奥内城,22,10,9,2a(破损的石碑),14,,
105,モルツィオーネ城 莫尔齐奥内城,23,a,13,2a(破损的石碑),14,,
105,モルツィオーネ城 莫尔齐奥内城,24,10,13,2a(破损的石碑),14,,
105,モルツィオーネ城 莫尔齐奥内城,25,2,5,17(陷阱),2,,
105,モルツィオーネ城 莫尔齐奥内城,26,3,5,17(陷阱),2,,
105,モルツィオーネ城 莫尔齐奥内城,27,6,7,17(陷阱),2,,
105,モルツィオーネ城 莫尔齐奥内城,28,7,8,17(陷阱),2,,
105,モルツィオーネ城 莫尔齐奥内城,29,e,7,17(陷阱),2,,
105,モルツィオーネ城 莫尔齐奥内城,30,d,8,17(陷阱),2,,
105,モルツィオーネ城 莫尔齐奥内城,31,6,f,17(陷阱),2,,
105,モルツィオーネ城 莫尔齐奥内城,32,7,f,17(陷阱),2,,
105,モルツィオーネ城 莫尔齐奥内城,33,e,2,8(宝物堆),d3,1,
105,モルツィオーネ城 莫尔齐奥内城,34,e,3,8(宝物堆),18b,3,
105,モルツィオーネ城 莫尔齐奥内城,35,2,7,f(治愈点),,,
105,モルツィオーネ城 莫尔齐奥内城,36,11,8,f(治愈点),,,
105,モルツィオーネ城 莫尔齐奥内城,37,6,12,f(治愈点),,,
105,モルツィオーネ城 莫尔齐奥内城,38,e,11,f(治愈点),,,
105,モルツィオーネ城 莫尔齐奥内城,39,c,3,10,,,
105,モルツィオーネ城 莫尔齐奥内城,40,12,10,d,,,
105,モルツィオーネ城 莫尔齐奥内城,41,12,f,7,afb,1,
119,天土の竜石橋 天土龙石桥,0,e,7,2(出击门),,,
119,天土の竜石橋 天土龙石桥,1,6,3,1f(采集点),20,4,
119,天土の竜石橋 天土龙石桥,2,6,6,1f(采集点),20,7,
119,天土の竜石橋 天土龙石桥,3,6,7,20(挖掘点),20,7,
119,天土の竜石橋 天土龙石桥,4,3,6,20(挖掘点),20,7,
119,天土の竜石橋 天土龙石桥,5,a,1,1c,10,,
119,天土の竜石橋 天土龙石桥,6,13,1,1c,10,,
119,天土の竜石橋 天土龙石桥,7,10,4,1c,11,,
119,天土の竜石橋 天土龙石桥,8,f,5,1c,11,,
119,天土の竜石橋 天土龙石桥,9,11,7,1c,11,,
119,天土の竜石橋 天土龙石桥,10,5,2,2a(破损的石碑),14,,
119,天土の竜石橋 天土龙石桥,11,8,9,2a(破损的石碑),14,,
119,天土の竜石橋 天土龙石桥,12,b,9,2a(破损的石碑),14,,
119,天土の竜石橋 天土龙石桥,13,4,9,2a(破损的石碑),14,,
119,天土の竜石橋 天土龙石桥,14,10,1,2a(破损的石碑),14,,
119,天土の竜石橋 天土龙石桥,15,12,9,2a(破损的石碑),14,,
119,天土の竜石橋 天土龙石桥,16,2,8,9,,,
119,天土の竜石橋 天土龙石桥,17,13,7,8(宝物堆),833,2,
119,天土の竜石橋 天土龙石桥,18,11,4,8(宝物堆),1f8,3,
119,天土の竜石橋 天土龙石桥,19,d,7,f(治愈点),,,
119,天土の竜石橋 天土龙石桥,20,13,6,21,23,,
11a,府幻の祠 府幻之祠,0,5,1,1f(采集点),6,,
11a,府幻の祠 府幻之祠,1,2,8,20(挖掘点),21,7,
11a,府幻の祠 府幻之祠,2,e,6,20(挖掘点),21,6,
11a,府幻の祠 府幻之祠,3,4,4,1c,11,,
11a,府幻の祠 府幻之祠,4,2,6,1c,11,,
11a,府幻の祠 府幻之祠,5,7,1,2a(破损的石碑),14,,
11a,府幻の祠 府幻之祠,6,6,4,2b,28,,
11a,府幻の祠 府幻之祠,7,1,a,2c,50,,
11a,府幻の祠 府幻之祠,8,7,5,9,,,
11a,府幻の祠 府幻之祠,9,b,9,9,,,
11a,府幻の祠 府幻之祠,10,6,d,9,,,
11a,府幻の祠 府幻之祠,11,1,c,9,,,
11a,府幻の祠 府幻之祠,12,5,5,b,,,
11a,府幻の祠 府幻之祠,13,5,b,b,,,
11a,府幻の祠 府幻之祠,14,d,9,b,,,
11a,府幻の祠 府幻之祠,15,9,5,22,,,
11a,府幻の祠 府幻之祠,16,b,b,22,,,
11a,府幻の祠 府幻之祠,17,3,c,22,,,
11a,府幻の祠 府幻之祠,18,c,d,f(治愈点),,,
11a,府幻の祠 府幻之祠,19,c,d,10,,,
11a,府幻の祠 府幻之祠,20,1,6,8(宝物堆),83e,1,
11a,府幻の祠 府幻之祠,21,1,3,8(宝物堆),130,1,
11a,府幻の祠 府幻之祠,22,2,3,8(宝物堆),967,1,
11a,府幻の祠 府幻之祠,23,8,6,f(治愈点),,,
11a,府幻の祠 府幻之祠,24,9,9,d,,,
11a,府幻の祠 府幻之祠,25,8,9,7,a2f,1,
11a,府幻の祠 府幻之祠,26,f,1,8(宝物堆),d4,2,
11a,府幻の祠 府幻之祠,27,f,2,8(宝物堆),18a,2,
11a,府幻の祠 府幻之祠,28,f,3,8(宝物堆),12f,2,
11a,府幻の祠 府幻之祠,29,a,8,f(治愈点),,,
11b,府幻の環状列石 府幻的环状列石,0,2,6,20(挖掘点),5,,
11b,府幻の環状列石 府幻的环状列石,1,9,4,20(挖掘点),22,6,
11b,府幻の環状列石 府幻的环状列石,2,8,d,1c,10,,
11b,府幻の環状列石 府幻的环状列石,3,c,b,1c,10,,
11b,府幻の環状列石 府幻的环状列石,4,2,8,1c,10,,
11b,府幻の環状列石 府幻的环状列石,5,1,7,29(枯萎的嫩芽),a,,
11b,府幻の環状列石 府幻的环状列石,6,f,7,29(枯萎的嫩芽),a,,
11b,府幻の環状列石 府幻的环状列石,7,3,e,29(枯萎的嫩芽),a,,
11b,府幻の環状列石 府幻的环状列石,8,d,e,29(枯萎的嫩芽),a,,
11b,府幻の環状列石 府幻的环状列石,9,4,6,29(枯萎的嫩芽),a,,
11b,府幻の環状列石 府幻的环状列石,10,7,6,29(枯萎的嫩芽),a,,
11b,府幻の環状列石 府幻的环状列石,11,c,6,29(枯萎的嫩芽),a,,
11b,府幻の環状列石 府幻的环状列石,12,6,e,29(枯萎的嫩芽),a,,
11b,府幻の環状列石 府幻的环状列石,13,a,f,29(枯萎的嫩芽),a,,
11b,府幻の環状列石 府幻的环状列石,14,4,b,29(枯萎的嫩芽),a,,
11b,府幻の環状列石 府幻的环状列石,15,a,a,29(枯萎的嫩芽),a,,
11b,府幻の環状列石 府幻的环状列石,16,8,1,9,,,
11b,府幻の環状列石 府幻的环状列石,17,3,7,9,,,
11b,府幻の環状列石 府幻的环状列石,18,d,7,9,,,
11b,府幻の環状列石 府幻的环状列石,19,5,e,9,,,
11b,府幻の環状列石 府幻的环状列石,20,b,e,9,,,
11b,府幻の環状列石 府幻的环状列石,21,8,5,3f,,,
11b,府幻の環状列石 府幻的环状列石,22,8,3,22,,,
11b,府幻の環状列石 府幻的环状列石,23,a,1,8(宝物堆),209,1,
11b,府幻の環状列石 府幻的环状列石,24,8,c,f(治愈点),,,
11c,府幻の鏡柱殿 府幻的镜柱殿,0,5,5,20(挖掘点),5,,
11c,府幻の鏡柱殿 府幻的镜柱殿,1,2,a,20(挖掘点),23,7,
11c,府幻の鏡柱殿 府幻的镜柱殿,2,a,1,1c,11,,
11c,府幻の鏡柱殿 府幻的镜柱殿,3,1,3,1c,11,,
11c,府幻の鏡柱殿 府幻的镜柱殿,4,1,a,2b,28,,
11c,府幻の鏡柱殿 府幻的镜柱殿,5,7,2,2b,28,,
11c,府幻の鏡柱殿 府幻的镜柱殿,6,4,a,9,,,
11c,府幻の鏡柱殿 府幻的镜柱殿,7,3,6,22,,,
11c,府幻の鏡柱殿 府幻的镜柱殿,8,3,3,f(治愈点),,,
11c,府幻の鏡柱殿 府幻的镜柱殿,9,3,3,10,,,
11d,府幻の竜骨堂 府幻的龙骨堂,0,9,8,1f(采集点),6,,
11d,府幻の竜骨堂 府幻的龙骨堂,1,2,1,20(挖掘点),24,5,
11d,府幻の竜骨堂 府幻的龙骨堂,2,8,9,1c,11,,
11d,府幻の竜骨堂 府幻的龙骨堂,3,6,1,1c,11,,
11d,府幻の竜骨堂 府幻的龙骨堂,4,3,4,1c,11,,
11d,府幻の竜骨堂 府幻的龙骨堂,5,6,5,2c,50,,
11d,府幻の竜骨堂 府幻的龙骨堂,6,a,6,22,,,
11d,府幻の竜骨堂 府幻的龙骨堂,7,9,1,8(宝物堆),11d,1,
11d,府幻の竜骨堂 府幻的龙骨堂,8,9,b,8(宝物堆),cd,5,
11d,府幻の竜骨堂 府幻的龙骨堂,9,f,6,7,96c,1,
11d,府幻の竜骨堂 府幻的龙骨堂,10,5,7,f(治愈点),,,
11d,府幻の竜骨堂 府幻的龙骨堂,11,5,7,10,,,
11d,府幻の竜骨堂 府幻的龙骨堂,12,6,b,21,25,,
11e,荒んだ北山峡 荒芜的北山峡,0,11,f,2(出击门),,,
11e,荒んだ北山峡 荒芜的北山峡,1,4,9,2(出击门),,,
11e,荒んだ北山峡 荒芜的北山峡,2,7,8,5(刷怪旋涡),4,a,
11e,荒んだ北山峡 荒芜的北山峡,3,a,c,5(刷怪旋涡),5,8,
11e,荒んだ北山峡 荒芜的北山峡,4,6,f,5(刷怪旋涡),6,7,
11e,荒んだ北山峡 荒芜的北山峡,5,c,f,5(刷怪旋涡),5,8,
11e,荒んだ北山峡 荒芜的北山峡,6,4,3,1f(采集点),33,6,
11e,荒んだ北山峡 荒芜的北山峡,7,a,3,1f(采集点),33,4,
11e,荒んだ北山峡 荒芜的北山峡,8,c,5,1f(采集点),33,7,
11e,荒んだ北山峡 荒芜的北山峡,9,11,a,1f(采集点),33,6,
11e,荒んだ北山峡 荒芜的北山峡,10,3,10,1f(采集点),33,6,
11e,荒んだ北山峡 荒芜的北山峡,11,a,7,20(挖掘点),33,7,
11e,荒んだ北山峡 荒芜的北山峡,12,b,7,20(挖掘点),33,7,
11e,荒んだ北山峡 荒芜的北山峡,13,f,a,20(挖掘点),33,5,
11e,荒んだ北山峡 荒芜的北山峡,14,a,a,1c,12,,
11e,荒んだ北山峡 荒芜的北山峡,15,10,8,1c,13,,
11e,荒んだ北山峡 荒芜的北山峡,16,2,8,1c,12,,
11e,荒んだ北山峡 荒芜的北山峡,17,6,10,1c,13,,
11e,荒んだ北山峡 荒芜的北山峡,18,9,1,2b,28,,
11e,荒んだ北山峡 荒芜的北山峡,19,c,1,2b,28,,
11e,荒んだ北山峡 荒芜的北山峡,20,f,1,2b,28,,
11e,荒んだ北山峡 荒芜的北山峡,21,10,1,2b,28,,
11e,荒んだ北山峡 荒芜的北山峡,22,11,1,2b,28,,
11e,荒んだ北山峡 荒芜的北山峡,23,10,c,2b,28,,
11e,荒んだ北山峡 荒芜的北山峡,24,2,b,2a(破损的石碑),14,,
11e,荒んだ北山峡 荒芜的北山峡,25,f,6,29(枯萎的嫩芽),a,,
11e,荒んだ北山峡 荒芜的北山峡,26,3,4,29(枯萎的嫩芽),a,,
11e,荒んだ北山峡 荒芜的北山峡,27,7,b,e,,,
11e,荒んだ北山峡 荒芜的北山峡,28,d,b,e,,,
11e,荒んだ北山峡 荒芜的北山峡,29,9,e,7,b17,1,
11e,荒んだ北山峡 荒芜的北山峡,30,7,a,7,7d9,1,
11e,荒んだ北山峡 荒芜的北山峡,31,d,a,7,842,1,
11e,荒んだ北山峡 荒芜的北山峡,32,1,2,8(宝物堆),1f7,2,
11e,荒んだ北山峡 荒芜的北山峡,33,1,3,8(宝物堆),12e,2,
11e,荒んだ北山峡 荒芜的北山峡,34,1,9,8(宝物堆),11a,1,
11e,荒んだ北山峡 荒芜的北山峡,35,10,10,8(宝物堆),d7,5,
11e,荒んだ北山峡 荒芜的北山峡,36,d,8,8(宝物堆),d0,3,
11e,荒んだ北山峡 荒芜的北山峡,37,2,7,21,25,,
11e,荒んだ北山峡 荒芜的北山峡,38,3,f,13,,,
11e,荒んだ北山峡 荒芜的北山峡,39,10,d,13,,,
12d,竜閣の城砦 龙阁城砦,0,b,7,2(出击门),,,
12d,竜閣の城砦 龙阁城砦,1,5,a,5(刷怪旋涡),4,a,
12d,竜閣の城砦 龙阁城砦,2,5,f,5(刷怪旋涡),4,a,
12d,竜閣の城砦 龙阁城砦,3,4,8,20(挖掘点),25,5,
12d,竜閣の城砦 龙阁城砦,4,5,8,20(挖掘点),25,5,
12d,竜閣の城砦 龙阁城砦,5,6,5,20(挖掘点),25,6,
12d,竜閣の城砦 龙阁城砦,6,8,1,1f(采集点),25,6,
12d,竜閣の城砦 龙阁城砦,7,3,6,1c,11,,
12d,竜閣の城砦 龙阁城砦,8,4,c,1c,11,,
12d,竜閣の城砦 龙阁城砦,9,8,d,1c,11,,
12d,竜閣の城砦 龙阁城砦,10,3,13,1c,11,,
12d,竜閣の城砦 龙阁城砦,11,1,11,2b,28,,
12d,竜閣の城砦 龙阁城砦,12,4,11,2b,28,,
12e,竜閣の強襲路 龙阁强袭路,0,b,7,2(出击门),,,
12e,竜閣の強襲路 龙阁强袭路,1,5,a,5(刷怪旋涡),5,8,
12e,竜閣の強襲路 龙阁强袭路,2,4,8,20(挖掘点),25,5,
12e,竜閣の強襲路 龙阁强袭路,3,5,8,20(挖掘点),25,5,
12e,竜閣の強襲路 龙阁强袭路,4,6,5,20(挖掘点),25,6,
12e,竜閣の強襲路 龙阁强袭路,5,8,1,1f(采集点),25,6,
12e,竜閣の強襲路 龙阁强袭路,6,6,2,1c,11,,
12e,竜閣の強襲路 龙阁强袭路,7,7,7,1c,11,,
12e,竜閣の強襲路 龙阁强袭路,8,b,a,1c,11,,
12e,竜閣の強襲路 龙阁强袭路,9,1,2,8(宝物堆),187,5,
12e,竜閣の強襲路 龙阁强袭路,10,1,3,8(宝物堆),840,1,
12e,竜閣の強襲路 龙阁强袭路,11,1,4,8(宝物堆),1f9,5,
12e,竜閣の強襲路 龙阁强袭路,12,2,4,8(宝物堆),8a1,1,
12e,竜閣の強襲路 龙阁强袭路,13,3,2,8(宝物堆),121,2,
12e,竜閣の強襲路 龙阁强袭路,14,3,3,8(宝物堆),a30,1,
12e,竜閣の強襲路 龙阁强袭路,15,3,4,8(宝物堆),1fa,5,
12e,竜閣の強襲路 龙阁强袭路,16,2,3,7,5e3,1,
12e,竜閣の強襲路 龙阁强袭路,17,2,1,6,6,1,
12e,竜閣の強襲路 龙阁强袭路,18,5,1,6,2,4,
12e,竜閣の強襲路 龙阁强袭路,19,8,a,18,2,,
12e,竜閣の強襲路 龙阁强袭路,20,7,c,19,2,,
12e,竜閣の強襲路 龙阁强袭路,21,5,d,19,2,,
12e,竜閣の強襲路 龙阁强袭路,22,2,6,2b,28,,
12e,竜閣の強襲路 龙阁强袭路,23,2,8,2b,28,,
12e,竜閣の強襲路 龙阁强袭路,24,c,a,2b,28,,
12e,竜閣の強襲路 龙阁强袭路,25,1,7,2c,50,,
169,凍てつく湖畔 冰封的湖畔,0,6,5,20(挖掘点),6,,
169,凍てつく湖畔 冰封的湖畔,1,d,2,20(挖掘点),12,6,
169,凍てつく湖畔 冰封的湖畔,2,d,3,20(挖掘点),12,5,
169,凍てつく湖畔 冰封的湖畔,3,6,a,1f(采集点),13,6,
169,凍てつく湖畔 冰封的湖畔,4,7,a,1f(采集点),13,5,
169,凍てつく湖畔 冰封的湖畔,5,9,6,1c,6,,
169,凍てつく湖畔 冰封的湖畔,6,1,1,7,b1f,1,
169,凍てつく湖畔 冰封的湖畔,7,1,5,8(宝物堆),188,5,
169,凍てつく湖畔 冰封的湖畔,8,4,3,2b,28,,
169,凍てつく湖畔 冰封的湖畔,9,6,3,2b,28,,
169,凍てつく湖畔 冰封的湖畔,10,d,5,2b,28,,
169,凍てつく湖畔 冰封的湖畔,11,7,8,f(治愈点),,,
169,凍てつく湖畔 冰封的湖畔,12,1,6,21,22,,
16a,閉ざされた氷都市 封闭的冰都市,0,2,c,10,,,
16a,閉ざされた氷都市 封闭的冰都市,1,3,6,20(挖掘点),1f,5,
16a,閉ざされた氷都市 封闭的冰都市,2,6,9,20(挖掘点),1f,5,
16a,閉ざされた氷都市 封闭的冰都市,3,3,19,20(挖掘点),1f,5,
16a,閉ざされた氷都市 封闭的冰都市,4,b,c,20(挖掘点),1f,6,
16a,閉ざされた氷都市 封闭的冰都市,5,5,e,1c,f,,
16a,閉ざされた氷都市 封闭的冰都市,6,6,17,1c,f,,
16a,閉ざされた氷都市 封闭的冰都市,7,1,8,1c,f,,
16a,閉ざされた氷都市 封闭的冰都市,8,b,1,8(宝物堆),afd,1,
16a,閉ざされた氷都市 封闭的冰都市,9,1,19,7,b17,1,
16a,閉ざされた氷都市 封闭的冰都市,10,1,18,e,,,
16a,閉ざされた氷都市 封闭的冰都市,11,7,2,9,,,
16a,閉ざされた氷都市 封闭的冰都市,12,1,f,25,2,,
16a,閉ざされた氷都市 封闭的冰都市,13,1,13,25,2,,
16a,閉ざされた氷都市 封闭的冰都市,14,1,15,25,2,,
16a,閉ざされた氷都市 封闭的冰都市,15,2,10,25,2,,
16a,閉ざされた氷都市 封闭的冰都市,16,2,12,25,2,,
16a,閉ざされた氷都市 封闭的冰都市,17,2,14,25,2,,
16a,閉ざされた氷都市 封闭的冰都市,18,3,11,25,2,,
16a,閉ざされた氷都市 封闭的冰都市,19,3,13,25,2,,
16a,閉ざされた氷都市 封闭的冰都市,20,3,15,25,2,,
16a,閉ざされた氷都市 封闭的冰都市,21,4,10,25,2,,
16a,閉ざされた氷都市 封闭的冰都市,22,4,12,25,2,,
16a,閉ざされた氷都市 封闭的冰都市,23,4,14,25,2,,
16a,閉ざされた氷都市 封闭的冰都市,24,5,11,25,2,,
16a,閉ざされた氷都市 封闭的冰都市,25,5,13,25,2,,
16a,閉ざされた氷都市 封闭的冰都市,26,5,15,25,2,,
16a,閉ざされた氷都市 封闭的冰都市,27,6,10,25,2,,
16a,閉ざされた氷都市 封闭的冰都市,28,6,12,25,2,,
16a,閉ざされた氷都市 封闭的冰都市,29,6,14,25,2,,
16a,閉ざされた氷都市 封闭的冰都市,30,6,16,25,2,,
16a,閉ざされた氷都市 封闭的冰都市,31,7,f,25,2,,
16a,閉ざされた氷都市 封闭的冰都市,32,7,11,25,2,,
16a,閉ざされた氷都市 封闭的冰都市,33,7,13,25,2,,
16a,閉ざされた氷都市 封闭的冰都市,34,9,10,25,2,,
16a,閉ざされた氷都市 封闭的冰都市,35,9,14,25,2,,
16a,閉ざされた氷都市 封闭的冰都市,36,a,f,25,2,,
16a,閉ざされた氷都市 封闭的冰都市,37,a,11,25,2,,
16a,閉ざされた氷都市 封闭的冰都市,38,a,13,25,2,,
16a,閉ざされた氷都市 封闭的冰都市,39,a,15,25,2,,
16a,閉ざされた氷都市 封闭的冰都市,40,b,10,25,2,,
16a,閉ざされた氷都市 封闭的冰都市,41,b,12,25,2,,
16a,閉ざされた氷都市 封闭的冰都市,42,b,14,25,2,,
16a,閉ざされた氷都市 封闭的冰都市,43,8,12,f(治愈点),,,
16a,閉ざされた氷都市 封闭的冰都市,44,8,b,21,23,,
16b,紅魔の扉 红魔之门,0,6,a,f(治愈点),,,
16b,紅魔の扉 红魔之门,1,6,a,10,,,
16b,紅魔の扉 红魔之门,2,a,8,5(刷怪旋涡),2,17,
16b,紅魔の扉 红魔之门,3,a,c,5(刷怪旋涡),4,c,
16b,紅魔の扉 红魔之门,4,12,c,5(刷怪旋涡),6,8,
16b,紅魔の扉 红魔之门,5,3,6,5(刷怪旋涡),3,f,
16b,紅魔の扉 红魔之门,6,11,6,5(刷怪旋涡),3,f,
16b,紅魔の扉 红魔之门,7,1,6,1c,20,,
16b,紅魔の扉 红魔之门,8,11,2,1c,20,,
16b,紅魔の扉 红魔之门,9,13,9,1c,20,,
16b,紅魔の扉 红魔之门,10,5,8,1c,20,,
16b,紅魔の扉 红魔之门,11,c,11,1c,20,,
16b,紅魔の扉 红魔之门,12,11,e,7,7d9,1,
16b,紅魔の扉 红魔之门,13,13,e,7,3ff,1,
16b,紅魔の扉 红魔之门,14,6,5,8(宝物堆),d3,1,
16b,紅魔の扉 红魔之门,15,e,6,8(宝物堆),d4,2,
16b,紅魔の扉 红魔之门,16,5,12,8(宝物堆),11c,2,
16b,紅魔の扉 红魔之门,17,2,11,9,,,
16b,紅魔の扉 红魔之门,18,12,e,21,24,,
16b,紅魔の扉 红魔之门,19,6,2,17(陷阱),2,,
16b,紅魔の扉 红魔之门,20,10,3,17(陷阱),2,,
16b,紅魔の扉 红魔之门,21,9,7,18,2,,
16b,紅魔の扉 红魔之门,22,e,e,18,2,,
16b,紅魔の扉 红魔之门,23,f,11,19,2,,
16b,紅魔の扉 红魔之门,24,7,c,19,2,,
16b,紅魔の扉 红魔之门,25,a,6,f(治愈点),,,
16b,紅魔の扉 红魔之门,26,f,12,f(治愈点),,,
16c,歪滅妖の裂け目 歪灭妖的裂缝,0,c,8,10,,,
16c,歪滅妖の裂け目 歪灭妖的裂缝,1,5,2,5(刷怪旋涡),3,c,
16c,歪滅妖の裂け目 歪灭妖的裂缝,2,4,7,5(刷怪旋涡),4,a,
16c,歪滅妖の裂け目 歪灭妖的裂缝,3,9,c,5(刷怪旋涡),5,8,
16c,歪滅妖の裂け目 歪灭妖的裂缝,4,e,8,5(刷怪旋涡),2,12,
16c,歪滅妖の裂け目 歪灭妖的裂缝,5,f,8,5(刷怪旋涡),3,c,
16c,歪滅妖の裂け目 歪灭妖的裂缝,6,1,b,5(刷怪旋涡),3,5,
16c,歪滅妖の裂け目 歪灭妖的裂缝,7,1,c,5(刷怪旋涡),4,5,
16c,歪滅妖の裂け目 歪灭妖的裂缝,8,1,d,5(刷怪旋涡),3,5,
16c,歪滅妖の裂け目 歪灭妖的裂缝,9,4,a,5(刷怪旋涡),2,3,
16c,歪滅妖の裂け目 歪灭妖的裂缝,10,4,e,5(刷怪旋涡),2,3,
16c,歪滅妖の裂け目 歪灭妖的裂缝,11,f,e,1c,20,,
16c,歪滅妖の裂け目 歪灭妖的裂缝,12,e,e,21,24,,
16c,歪滅妖の裂け目 歪灭妖的裂缝,13,2,2,7,4b9,1,
16c,歪滅妖の裂け目 歪灭妖的裂缝,14,f,a,7,581,1,
16c,歪滅妖の裂け目 歪灭妖的裂缝,15,c,e,7,842,1,
16c,歪滅妖の裂け目 歪灭妖的裂缝,16,2,3,8(宝物堆),d3,1,
16c,歪滅妖の裂け目 歪灭妖的裂缝,17,1,7,8(宝物堆),119,3,
16c,歪滅妖の裂け目 歪灭妖的裂缝,18,c,b,11,2,,
16c,歪滅妖の裂け目 歪灭妖的裂缝,19,b,1,11,2,,
16c,歪滅妖の裂け目 歪灭妖的裂缝,20,4,4,11,2,,
16c,歪滅妖の裂け目 歪灭妖的裂缝,21,8,7,11,2,,
16c,歪滅妖の裂け目 歪灭妖的裂缝,22,2,5,f(治愈点),,,
16c,歪滅妖の裂け目 歪灭妖的裂缝,23,7,9,5(刷怪旋涡),3,f,
16c,歪滅妖の裂け目 歪灭妖的裂缝,24,8,9,5(刷怪旋涡),3,f,
16c,歪滅妖の裂け目 歪灭妖的裂缝,25,9,9,5(刷怪旋涡),3,f,
16c,歪滅妖の裂け目 歪灭妖的裂缝,26,1,1,1e,,,
17d,ブネの歪巣 布涅的歪巢,0,3,d,2(出击门),,,
17d,ブネの歪巣 布涅的歪巢,1,10,d,2(出击门),,,
17d,ブネの歪巣 布涅的歪巢,2,2,11,2(出击门),,,
17d,ブネの歪巣 布涅的歪巢,3,b,b,f(治愈点),,,
17d,ブネの歪巣 布涅的歪巢,4,b,b,10,,,
17d,ブネの歪巣 布涅的歪巢,5,6,d,f(治愈点),,,
17d,ブネの歪巣 布涅的歪巢,6,6,d,10,,,
17d,ブネの歪巣 布涅的歪巢,7,c,2,1c,20,,
17d,ブネの歪巣 布涅的歪巢,8,7,a,1c,20,,
17d,ブネの歪巣 布涅的歪巢,9,c,a,1c,20,,
17d,ブネの歪巣 布涅的歪巢,10,1,e,1c,20,,
17d,ブネの歪巣 布涅的歪巢,11,8,12,1c,20,,
17d,ブネの歪巣 布涅的歪巢,12,c,7,1c,20,,
17d,ブネの歪巣 布涅的歪巢,13,9,6,1c,20,,
17d,ブネの歪巣 布涅的歪巢,14,7,5,8(宝物堆),d4,2,
17e,歪みの滅妖駅 歪曲的灭妖车站,0,a,13,2(出击门),,,
17e,歪みの滅妖駅 歪曲的灭妖车站,1,a,a,f(治愈点),,,
17e,歪みの滅妖駅 歪曲的灭妖车站,2,a,a,10,,,
17e,歪みの滅妖駅 歪曲的灭妖车站,3,4,2,5(刷怪旋涡),4,f,
17f,千足の魔神列車 千足的魔神列车,0,c,a,f(治愈点),,,
17f,千足の魔神列車 千足的魔神列车,1,c,a,10,,,
17f,千足の魔神列車 千足的魔神列车,2,b,5,1c,20,,
17f,千足の魔神列車 千足的魔神列车,3,e,3,1c,20,,
17f,千足の魔神列車 千足的魔神列车,4,5,b,1c,20,,
17f,千足の魔神列車 千足的魔神列车,5,b,11,1c,20,,
17f,千足の魔神列車 千足的魔神列车,6,18,3,6,1,9,
17f,千足の魔神列車 千足的魔神列车,7,18,4,6,1,a,
17f,千足の魔神列車 千足的魔神列车,8,18,5,6,1,b,
17f,千足の魔神列車 千足的魔神列车,9,1,9,6,18,3,
17f,千足の魔神列車 千足的魔神列车,10,1,a,6,18,4,
17f,千足の魔神列車 千足的魔神列车,11,1,b,6,18,5,
17f,千足の魔神列車 千足的魔神列车,12,18,9,6,1,f,
17f,千足の魔神列車 千足的魔神列车,13,18,a,6,1,10,
17f,千足の魔神列車 千足的魔神列车,14,18,b,6,1,11,
17f,千足の魔神列車 千足的魔神列车,15,1,f,6,18,9,
17f,千足の魔神列車 千足的魔神列车,16,1,10,6,18,a,
17f,千足の魔神列車 千足的魔神列车,17,1,11,6,18,b,
17f,千足の魔神列車 千足的魔神列车,18,16,4,7,96d,1,
17f,千足の魔神列車 千足的魔神列车,19,16,a,7,a32,1,
17f,千足の魔神列車 千足的魔神列车,20,11,e,7,8a4,1,
17f,千足の魔神列車 千足的魔神列车,21,a,9,8(宝物堆),11a,3,
17f,千足の魔神列車 千足的魔神列车,22,6,11,8(宝物堆),11b,3,
17f,千足の魔神列車 千足的魔神列车,23,12,e,8(宝物堆),11e,2,
17f,千足の魔神列車 千足的魔神列车,24,4,5,21,25,,
17f,千足の魔神列車 千足的魔神列车,25,d,4,f(治愈点),,,
17f,千足の魔神列車 千足的魔神列车,26,d,10,f(治愈点),,,
17f,千足の魔神列車 千足的魔神列车,27,5,a,2(出击门),2,,
17f,千足の魔神列車 千足的魔神列车,28,d,9,5(刷怪旋涡),2,5,
17f,千足の魔神列車 千足的魔神列车,29,d,b,5(刷怪旋涡),2,5,
17f,千足の魔神列車 千足的魔神列车,30,d,a,5(刷怪旋涡),2,5,
180,鼓炎嘯 鼓炎啸,0,b,15,2(出击门),,,
180,鼓炎嘯 鼓炎啸,1,15,b,2(出击门),2,,
180,鼓炎嘯 鼓炎啸,2,b,b,2(出击门),2,,
180,鼓炎嘯 鼓炎啸,3,a,1,5(刷怪旋涡),4,f,
180,鼓炎嘯 鼓炎啸,4,c,1,5(刷怪旋涡),4,f,
180,鼓炎嘯 鼓炎啸,5,1,a,5(刷怪旋涡),4,f,
180,鼓炎嘯 鼓炎啸,6,1,c,5(刷怪旋涡),4,f,
180,鼓炎嘯 鼓炎啸,7,15,a,5(刷怪旋涡),6,a,
180,鼓炎嘯 鼓炎啸,8,15,c,5(刷怪旋涡),6,a,
180,鼓炎嘯 鼓炎啸,9,a,15,5(刷怪旋涡),6,a,
180,鼓炎嘯 鼓炎啸,10,c,15,5(刷怪旋涡),6,a,
180,鼓炎嘯 鼓炎啸,11,8,8,5(刷怪旋涡),2,1e,
180,鼓炎嘯 鼓炎啸,12,e,8,5(刷怪旋涡),2,1e,
180,鼓炎嘯 鼓炎啸,13,8,e,5(刷怪旋涡),2,1e,
180,鼓炎嘯 鼓炎啸,14,e,e,5(刷怪旋涡),2,1e,
180,鼓炎嘯 鼓炎啸,15,b,3,1c,20,,
180,鼓炎嘯 鼓炎啸,16,3,b,1c,20,,
180,鼓炎嘯 鼓炎啸,17,13,b,1c,20,,
180,鼓炎嘯 鼓炎啸,18,b,13,1c,20,,
180,鼓炎嘯 鼓炎啸,19,b,9,12,2,,
180,鼓炎嘯 鼓炎啸,20,9,a,12,2,,
180,鼓炎嘯 鼓炎啸,21,d,a,12,2,,
180,鼓炎嘯 鼓炎啸,22,a,b,12,2,,
180,鼓炎嘯 鼓炎啸,23,c,b,12,2,,
180,鼓炎嘯 鼓炎啸,24,9,c,12,2,,
180,鼓炎嘯 鼓炎啸,25,d,c,12,2,,
180,鼓炎嘯 鼓炎啸,26,b,d,12,2,,
180,鼓炎嘯 鼓炎啸,27,6,6,6,10,10,
180,鼓炎嘯 鼓炎啸,28,6,10,6,10,6,
180,鼓炎嘯 鼓炎啸,29,10,6,6,6,10,
180,鼓炎嘯 鼓炎啸,30,10,10,6,6,6,
180,鼓炎嘯 鼓炎啸,31,6,b,6,9,b,
180,鼓炎嘯 鼓炎啸,32,9,b,6,6,b,
180,鼓炎嘯 鼓炎啸,33,d,b,6,10,b,
180,鼓炎嘯 鼓炎啸,34,10,b,6,d,b,
180,鼓炎嘯 鼓炎啸,35,b,a,7,aff,1,
180,鼓炎嘯 鼓炎啸,36,13,1,7,b0c,1,
180,鼓炎嘯 鼓炎啸,37,3,15,7,9cd,1,
180,鼓炎嘯 鼓炎啸,38,13,15,7,905,1,
180,鼓炎嘯 鼓炎啸,39,15,3,8(宝物堆),d4,3,
180,鼓炎嘯 鼓炎啸,40,1,13,8(宝物堆),d0,5,
180,鼓炎嘯 鼓炎啸,41,15,13,8(宝物堆),d2,5,
180,鼓炎嘯 鼓炎啸,42,e,1,8(宝物堆),ce,5,
180,鼓炎嘯 鼓炎啸,43,5,11,8(宝物堆),d3,2,
180,鼓炎嘯 鼓炎啸,44,b,6,10,,,
180,鼓炎嘯 鼓炎啸,45,b,10,10,,,
191,絶天縁の座 绝天缘之座,0,3,9,5(刷怪旋涡),3,c,
191,絶天縁の座 绝天缘之座,1,b,9,5(刷怪旋涡),3,c,
191,絶天縁の座 绝天缘之座,2,d,d,20(挖掘点),27,5,
191,絶天縁の座 绝天缘之座,3,d,f,20(挖掘点),27,5,
191,絶天縁の座 绝天缘之座,4,1,f,1f(采集点),27,5,
191,絶天縁の座 绝天缘之座,5,2,f,1f(采集点),27,5,
191,絶天縁の座 绝天缘之座,6,1,b,1c,27,,
191,絶天縁の座 绝天缘之座,7,d,b,1c,27,,
191,絶天縁の座 绝天缘之座,8,7,6,f(治愈点),,,
191,絶天縁の座 绝天缘之座,9,1,9,7,774,1,
191,絶天縁の座 绝天缘之座,10,1,a,8(宝物堆),2a4,3,
191,絶天縁の座 绝天缘之座,11,4,7,8(宝物堆),2c4,3,
191,絶天縁の座 绝天缘之座,12,b,6,8(宝物堆),2a8,3,
191,絶天縁の座 绝天缘之座,13,d,e,7,20a,5,
191,絶天縁の座 绝天缘之座,14,6,8,8(宝物堆),2a3,3,
191,絶天縁の座 绝天缘之座,15,2,a,2(出击门),2,,
191,絶天縁の座 绝天缘之座,16,c,a,2(出击门),2,,
192,魔シキ封錬ノ塔茎 魔式封炼之塔茎,0,d,f,2(出击门),,,
193,ルーン＝ラクスミウ 卢恩-拉克丝米乌,0,9,10,f(治愈点),,,
193,ルーン＝ラクスミウ 卢恩-拉克丝米乌,1,9,10,10,,,
193,ルーン＝ラクスミウ 卢恩-拉克丝米乌,2,1,9,8(宝物堆),119,2,
193,ルーン＝ラクスミウ 卢恩-拉克丝米乌,3,3,14,8(宝物堆),11f,2,
193,ルーン＝ラクスミウ 卢恩-拉克丝米乌,4,d,9,8(宝物堆),11c,2,
193,ルーン＝ラクスミウ 卢恩-拉克丝米乌,5,f,15,8(宝物堆),120,2,
193,ルーン＝ラクスミウ 卢恩-拉克丝米乌,6,2,9,8(宝物堆),11e,2,
193,ルーン＝ラクスミウ 卢恩-拉克丝米乌,7,9,8,1c,27,,
193,ルーン＝ラクスミウ 卢恩-拉克丝米乌,8,2,10,1c,27,,
193,ルーン＝ラクスミウ 卢恩-拉克丝米乌,9,10,10,1c,27,,
193,ルーン＝ラクスミウ 卢恩-拉克丝米乌,10,9,a,2(出击门),2,,
1a5,ヴィネヘデス遺跡 维内赫德斯遗迹,0,8,9,1f(采集点),5,,
1a5,ヴィネヘデス遺跡 维内赫德斯遗迹,1,f,1,20(挖掘点),29,7,
1a5,ヴィネヘデス遺跡 维内赫德斯遗迹,2,1,b,20(挖掘点),29,6,
1a5,ヴィネヘデス遺跡 维内赫德斯遗迹,3,8,4,1c,12,,
1a5,ヴィネヘデス遺跡 维内赫德斯遗迹,4,d,3,1c,12,,
1a5,ヴィネヘデス遺跡 维内赫德斯遗迹,5,7,d,1c,12,,
1a5,ヴィネヘデス遺跡 维内赫德斯遗迹,6,c,c,1c,13,,
1a5,ヴィネヘデス遺跡 维内赫德斯遗迹,7,b,8,7,841,1,
1a5,ヴィネヘデス遺跡 维内赫德斯遗迹,8,5,1,7,771,1,
1a5,ヴィネヘデス遺跡 维内赫德斯遗迹,9,4,1,d,,,
1a5,ヴィネヘデス遺跡 维内赫德斯遗迹,10,1,5,2a(破损的石碑),14,,
1a5,ヴィネヘデス遺跡 维内赫德斯遗迹,11,c,1,2a(破损的石碑),14,,
1a5,ヴィネヘデス遺跡 维内赫德斯遗迹,12,b,1,2a(破损的石碑),14,,
1a5,ヴィネヘデス遺跡 维内赫德斯遗迹,13,8,c,2a(破损的石碑),14,,
1a5,ヴィネヘデス遺跡 维内赫德斯遗迹,14,2,5,14,2,,
1a5,ヴィネヘデス遺跡 维内赫德斯遗迹,15,4,4,14,2,,
1a5,ヴィネヘデス遺跡 维内赫德斯遗迹,16,2,b,14,2,,
1a5,ヴィネヘデス遺跡 维内赫德斯遗迹,17,5,7,14,2,,
1a5,ヴィネヘデス遺跡 维内赫德斯遗迹,18,5,d,14,2,,
1a5,ヴィネヘデス遺跡 维内赫德斯遗迹,19,9,c,14,2,,
1a5,ヴィネヘデス遺跡 维内赫德斯遗迹,20,c,a,14,2,,
1a5,ヴィネヘデス遺跡 维内赫德斯遗迹,21,f,b,14,2,,
1a5,ヴィネヘデス遺跡 维内赫德斯遗迹,22,7,6,14,2,,
1a5,ヴィネヘデス遺跡 维内赫德斯遗迹,23,7,8,14,2,,
1a5,ヴィネヘデス遺跡 维内赫德斯遗迹,24,a,5,14,2,,
1a5,ヴィネヘデス遺跡 维内赫德斯遗迹,25,9,8,14,2,,
1a5,ヴィネヘデス遺跡 维内赫德斯遗迹,26,8,3,14,2,,
1a5,ヴィネヘデス遺跡 维内赫德斯遗迹,27,f,2,14,2,,
1a5,ヴィネヘデス遺跡 维内赫德斯遗迹,28,e,6,14,2,,
1a5,ヴィネヘデス遺跡 维内赫德斯遗迹,29,9,5,f(治愈点),,,
1a5,ヴィネヘデス遺跡 维内赫德斯遗迹,30,9,5,10,,,
1a5,ヴィネヘデス遺跡 维内赫德斯遗迹,31,3,4,f(治愈点),,,
1a5,ヴィネヘデス遺跡 维内赫德斯遗迹,32,d,c,8(宝物堆),14c,1,
1a5,ヴィネヘデス遺跡 维内赫德斯遗迹,33,2,d,8(宝物堆),e4,5,
1a5,ヴィネヘデス遺跡 维内赫德斯遗迹,34,8,6,8(宝物堆),cd,5,
1a6,封錬ノ城 封炼之城,0,9,6,f(治愈点),,,
1a6,封錬ノ城 封炼之城,1,9,6,10,,,
1a6,封錬ノ城 封炼之城,2,1,b,1f(采集点),2a,4,
1a6,封錬ノ城 封炼之城,3,1,c,1f(采集点),2a,5,
1a6,封錬ノ城 封炼之城,4,a,8,1f(采集点),2a,6,
1a6,封錬ノ城 封炼之城,5,b,c,1f(采集点),2a,4,
1a6,封錬ノ城 封炼之城,6,6,3,20(挖掘点),2a,5,
1a6,封錬ノ城 封炼之城,7,b,3,20(挖掘点),2a,6,
1a6,封錬ノ城 封炼之城,8,3,6,1c,12,,
1a6,封錬ノ城 封炼之城,9,d,1,1c,12,,
1a6,封錬ノ城 封炼之城,10,10,9,1c,13,,
1a6,封錬ノ城 封炼之城,11,9,1,7,9cb,1,
1a6,封錬ノ城 封炼之城,12,c,9,3c,,,
1a6,封錬ノ城 封炼之城,13,8,2,2b,28,,
1a6,封錬ノ城 封炼之城,14,a,2,2b,28,,
1a6,封錬ノ城 封炼之城,15,1,5,14,2,,
1a6,封錬ノ城 封炼之城,16,5,5,14,2,,
1a6,封錬ノ城 封炼之城,17,2,7,14,2,,
1a6,封錬ノ城 封炼之城,18,5,7,14,2,,
1a6,封錬ノ城 封炼之城,19,8,5,14,2,,
1a6,封錬ノ城 封炼之城,20,a,7,14,2,,
1a6,封錬ノ城 封炼之城,21,f,4,14,2,,
1a6,封錬ノ城 封炼之城,22,e,5,14,2,,
1a6,封錬ノ城 封炼之城,23,f,8,14,2,,
1a6,封錬ノ城 封炼之城,24,e,b,14,2,,
1a6,封錬ノ城 封炼之城,25,3,5,f(治愈点),,,
1a6,封錬ノ城 封炼之城,26,f,5,f(治愈点),,,
1a6,封錬ノ城 封炼之城,27,6,c,8(宝物堆),76b,3,
1a6,封錬ノ城 封炼之城,28,7,c,8(宝物堆),d4,1,
1a6,封錬ノ城 封炼之城,29,8,c,8(宝物堆),89e,1,
1a6,封錬ノ城 封炼之城,30,d,a,8(宝物堆),14e,2,
1a6,封錬ノ城 封炼之城,31,5,b,21,25,,
1a7,封錬ノ大祭壇 封炼之大祭坛,0,b,6,17(陷阱),,,
1cd,瀑布の川 瀑布之川,0,11,7,5(刷怪旋涡),3,6,
1cd,瀑布の川 瀑布之川,1,11,a,5(刷怪旋涡),3,8,
1cd,瀑布の川 瀑布之川,2,3,9,5(刷怪旋涡),3,8,
1cd,瀑布の川 瀑布之川,3,13,6,5(刷怪旋涡),4,7,
1cd,瀑布の川 瀑布之川,4,14,b,5(刷怪旋涡),4,7,
1cd,瀑布の川 瀑布之川,5,1,4,1f(采集点),26,6,
1cd,瀑布の川 瀑布之川,6,1,a,1f(采集点),26,7,
1cd,瀑布の川 瀑布之川,7,3,a,1f(采集点),26,7,
1cd,瀑布の川 瀑布之川,8,8,7,1f(采集点),26,4,
1cd,瀑布の川 瀑布之川,9,c,1,20(挖掘点),26,6,
1cd,瀑布の川 瀑布之川,10,b,4,20(挖掘点),26,6,
1cd,瀑布の川 瀑布之川,11,5,2,1c,14,,
1cd,瀑布の川 瀑布之川,12,b,c,1c,14,,
1cd,瀑布の川 瀑布之川,13,f,5,1c,14,,
1cd,瀑布の川 瀑布之川,14,14,8,1c,14,,
1cd,瀑布の川 瀑布之川,15,12,b,1c,15,,
1cd,瀑布の川 瀑布之川,16,6,8,1c,15,,
1cd,瀑布の川 瀑布之川,17,2,6,29(枯萎的嫩芽),a,,
1cd,瀑布の川 瀑布之川,18,5,4,29(枯萎的嫩芽),a,,
1cd,瀑布の川 瀑布之川,19,a,6,29(枯萎的嫩芽),a,,
1cd,瀑布の川 瀑布之川,20,9,9,29(枯萎的嫩芽),a,,
1cd,瀑布の川 瀑布之川,21,d,7,29(枯萎的嫩芽),a,,
1cd,瀑布の川 瀑布之川,22,e,b,29(枯萎的嫩芽),a,,
1cd,瀑布の川 瀑布之川,23,1,1,8(宝物堆),234,1,
1cd,瀑布の川 瀑布之川,24,2,1,8(宝物堆),c9,19,
1cd,瀑布の川 瀑布之川,25,3,1,8(宝物堆),235,1,
1cd,瀑布の川 瀑布之川,26,1,c,7,70e,1,
1cd,瀑布の川 瀑布之川,27,3,c,7,969,1,
1cd,瀑布の川 瀑布之川,28,2,8,21,25,,
1cd,瀑布の川 瀑布之川,29,7,8,f(治愈点),,,
1cd,瀑布の川 瀑布之川,30,b,5,15,2,,
1cd,瀑布の川 瀑布之川,31,d,9,15,2,,
1cd,瀑布の川 瀑布之川,32,e,c,15,2,,
1ce,蒼涙の洞窟 苍泪洞窟,0,f,1,5(刷怪旋涡),5,6,
1ce,蒼涙の洞窟 苍泪洞窟,1,6,4,20(挖掘点),2c,5,
1ce,蒼涙の洞窟 苍泪洞窟,2,d,4,20(挖掘点),2c,7,
1ce,蒼涙の洞窟 苍泪洞窟,3,8,a,20(挖掘点),2c,5,
1ce,蒼涙の洞窟 苍泪洞窟,4,9,a,20(挖掘点),2c,5,
1ce,蒼涙の洞窟 苍泪洞窟,5,9,b,20(挖掘点),2c,5,
1ce,蒼涙の洞窟 苍泪洞窟,6,6,6,1c,15,,
1ce,蒼涙の洞窟 苍泪洞窟,7,3,8,1c,15,,
1ce,蒼涙の洞窟 苍泪洞窟,8,e,2,1c,15,,
1ce,蒼涙の洞窟 苍泪洞窟,9,10,c,1c,15,,
1ce,蒼涙の洞窟 苍泪洞窟,10,c,b,8(宝物堆),cd,14,
1ce,蒼涙の洞窟 苍泪洞窟,11,b,b,8(宝物堆),707,2,
1ce,蒼涙の洞窟 苍泪洞窟,12,d,b,8(宝物堆),120,2,
1ce,蒼涙の洞窟 苍泪洞窟,13,1,5,7,d4,1,
1ce,蒼涙の洞窟 苍泪洞窟,14,1,c,7,8a3,1,
1ce,蒼涙の洞窟 苍泪洞窟,15,b,c,7,6aa,1,
1ce,蒼涙の洞窟 苍泪洞窟,16,c,c,7,13a,1,
1ce,蒼涙の洞窟 苍泪洞窟,17,9,1,2a(破损的石碑),14,,
1ce,蒼涙の洞窟 苍泪洞窟,18,d,2,2a(破损的石碑),14,,
1ce,蒼涙の洞窟 苍泪洞窟,19,2,9,2a(破损的石碑),14,,
1ce,蒼涙の洞窟 苍泪洞窟,20,10,8,2a(破损的石碑),14,,
1ce,蒼涙の洞窟 苍泪洞窟,21,b,3,15,2,,
1ce,蒼涙の洞窟 苍泪洞窟,22,f,6,15,2,,
1ce,蒼涙の洞窟 苍泪洞窟,23,b,8,15,2,,
1ce,蒼涙の洞窟 苍泪洞窟,24,7,7,15,2,,
1ce,蒼涙の洞窟 苍泪洞窟,25,c,5,23,2,,
1ce,蒼涙の洞窟 苍泪洞窟,26,e,a,23,2,,
1ce,蒼涙の洞窟 苍泪洞窟,27,3,5,23,2,,
1ce,蒼涙の洞窟 苍泪洞窟,28,8,8,23,2,,
1ce,蒼涙の洞窟 苍泪洞窟,29,1,b,e,,,
1ce,蒼涙の洞窟 苍泪洞窟,30,6,9,f(治愈点),,,
1ce,蒼涙の洞窟 苍泪洞窟,31,6,9,10,,,
1ce,蒼涙の洞窟 苍泪洞窟,32,7,5,f(治愈点),,,
1ce,蒼涙の洞窟 苍泪洞窟,33,10,5,1f(采集点),2c,7,
1ce,蒼涙の洞窟 苍泪洞窟,34,b,a,1f(采集点),2c,7,
1ce,蒼涙の洞窟 苍泪洞窟,35,f,8,5(刷怪旋涡),5,6,
1e1,荒廃した聖地 荒废的圣地,0,7,4,2(出击门),,,
1e1,荒廃した聖地 荒废的圣地,1,e,c,2(出击门),2,,
1e1,荒廃した聖地 荒废的圣地,2,1,e,2(出击门),2,,
1e1,荒廃した聖地 荒废的圣地,3,6,c,2c,50,,
1e1,荒廃した聖地 荒废的圣地,4,8,e,2c,50,,
1e1,荒廃した聖地 荒废的圣地,5,13,9,2c,50,,
1e1,荒廃した聖地 荒废的圣地,6,3,1,2c,50,,
1e1,荒廃した聖地 荒废的圣地,7,2,b,2c,50,,
1e1,荒廃した聖地 荒废的圣地,8,a,5,5(刷怪旋涡),3,5,
1e1,荒廃した聖地 荒废的圣地,9,8,c,5(刷怪旋涡),4,5,
1e1,荒廃した聖地 荒废的圣地,10,c,4,1f(采集点),2d,5,
1e1,荒廃した聖地 荒废的圣地,11,b,14,1f(采集点),2d,8,
1e1,荒廃した聖地 荒废的圣地,12,13,12,1f(采集点),2d,6,
1e1,荒廃した聖地 荒废的圣地,13,1,4,20(挖掘点),2d,8,
1e1,荒廃した聖地 荒废的圣地,14,a,12,20(挖掘点),2d,7,
1e1,荒廃した聖地 荒废的圣地,15,c,e,20(挖掘点),2d,4,
1e1,荒廃した聖地 荒废的圣地,16,14,f,20(挖掘点),2d,5,
1e1,荒廃した聖地 荒废的圣地,17,7,2,1c,16,,
1e1,荒廃した聖地 荒废的圣地,18,7,7,1c,16,,
1e1,荒廃した聖地 荒废的圣地,19,11,5,1c,17,,
1e1,荒廃した聖地 荒废的圣地,20,1,c,1c,17,,
1e1,荒廃した聖地 荒废的圣地,21,b,c,1c,17,,
1e1,荒廃した聖地 荒废的圣地,22,b,1,8(宝物堆),209,3,
1e1,荒廃した聖地 荒废的圣地,23,b,f,8(宝物堆),e2,5,
1e1,荒廃した聖地 荒废的圣地,24,9,8,8(宝物堆),cd,3,
1e1,荒廃した聖地 荒废的圣地,25,1,11,8(宝物堆),18b,3,
1e1,荒廃した聖地 荒废的圣地,26,13,11,8(宝物堆),648,1,
1e1,荒廃した聖地 荒废的圣地,27,10,9,8(宝物堆),11c,1,
1e1,荒廃した聖地 荒废的圣地,28,13,e,9,,,
1e1,荒廃した聖地 荒废的圣地,29,7,d,f(治愈点),,,
1e1,荒廃した聖地 荒废的圣地,30,7,14,21,25,,
1e1,荒廃した聖地 荒废的圣地,31,5,f,5(刷怪旋涡),5,4,
1e1,荒廃した聖地 荒废的圣地,32,c,12,f(治愈点),,,
1e2,封錬廠廊 封炼厂廊,0,8,6,10,,,
1e2,封錬廠廊 封炼厂廊,1,d,2,1f(采集点),2e,5,
1e2,封錬廠廊 封炼厂廊,2,9,9,1f(采集点),2e,6,
1e2,封錬廠廊 封炼厂廊,3,12,1,1f(采集点),2e,6,
1e2,封錬廠廊 封炼厂廊,4,d,7,1f(采集点),2e,5,
1e2,封錬廠廊 封炼厂廊,5,5,1,20(挖掘点),2e,5,
1e2,封錬廠廊 封炼厂廊,6,5,b,20(挖掘点),2e,5,
1e2,封錬廠廊 封炼厂廊,7,14,a,20(挖掘点),2e,7,
1e2,封錬廠廊 封炼厂廊,8,12,b,20(挖掘点),2e,6,
1e2,封錬廠廊 封炼厂廊,9,f,6,1c,16,,
1e2,封錬廠廊 封炼厂廊,10,d,3,1c,16,,
1e2,封錬廠廊 封炼厂廊,11,14,3,1c,17,,
1e2,封錬廠廊 封炼厂廊,12,b,1,7,774,1,
1e2,封錬廠廊 封炼厂廊,13,c,9,7,8a2,1,
1e2,封錬廠廊 封炼厂廊,14,5,4,8(宝物堆),18a,2,
1e2,封錬廠廊 封炼厂廊,15,d,9,8(宝物堆),231,2,
1e2,封錬廠廊 封炼厂廊,16,2,2,2b,28,,
1e2,封錬廠廊 封炼厂廊,17,8,2,2b,28,,
1e2,封錬廠廊 封炼厂廊,18,2,a,2b,28,,
1e2,封錬廠廊 封炼厂廊,19,8,a,2b,28,,
1e2,封錬廠廊 封炼厂廊,20,8,4,15,2,,
1e2,封錬廠廊 封炼厂廊,21,6,5,15,2,,
1e2,封錬廠廊 封炼厂廊,22,a,5,15,2,,
1e2,封錬廠廊 封炼厂廊,23,6,7,15,2,,
1e2,封錬廠廊 封炼厂廊,24,a,7,15,2,,
1e2,封錬廠廊 封炼厂廊,25,8,8,15,2,,
1e2,封錬廠廊 封炼厂廊,26,f,3,15,2,,
1e2,封錬廠廊 封炼厂廊,27,10,9,15,2,,
1e2,封錬廠廊 封炼厂廊,28,d,6,f(治愈点),,,
1e2,封錬廠廊 封炼厂廊,29,2,b,8(宝物堆),d7,3,
1e2,封錬廠廊 封炼厂廊,30,3,b,8(宝物堆),18c,2,
1e2,封錬廠廊 封炼厂廊,31,2,1,8(宝物堆),b04,1,
1e2,封錬廠廊 封炼厂廊,32,12,3,8(宝物堆),d4,1,
1e3,水焚の卿杜 水焚之卿杜,0,4,10,f(治愈点),,,
1e3,水焚の卿杜 水焚之卿杜,1,4,10,10,,,
1e3,水焚の卿杜 水焚之卿杜,2,5,7,1f(采集点),2f,5,
1e3,水焚の卿杜 水焚之卿杜,3,1,9,1f(采集点),2f,6,
1e3,水焚の卿杜 水焚之卿杜,4,b,16,1f(采集点),2f,7,
1e3,水焚の卿杜 水焚之卿杜,5,f,10,1f(采集点),2f,6,
1e3,水焚の卿杜 水焚之卿杜,6,6,a,20(挖掘点),2f,5,
1e3,水焚の卿杜 水焚之卿杜,7,7,a,20(挖掘点),2f,5,
1e3,水焚の卿杜 水焚之卿杜,8,9,8,20(挖掘点),2f,7,
1e3,水焚の卿杜 水焚之卿杜,9,d,d,20(挖掘点),2f,6,
1e3,水焚の卿杜 水焚之卿杜,10,7,2,1c,16,,
1e3,水焚の卿杜 水焚之卿杜,11,1,a,1c,16,,
1e3,水焚の卿杜 水焚之卿杜,12,2,a,1c,16,,
1e3,水焚の卿杜 水焚之卿杜,13,9,a,1c,17,,
1e3,水焚の卿杜 水焚之卿杜,14,c,f,1c,17,,
1e3,水焚の卿杜 水焚之卿杜,15,6,9,7,119,2,
1e3,水焚の卿杜 水焚之卿杜,16,2,9,8(宝物堆),18b,3,
1e3,水焚の卿杜 水焚之卿杜,17,1,c,8(宝物堆),711,1,
1e3,水焚の卿杜 水焚之卿杜,18,1,13,8(宝物堆),11a,2,
1e3,水焚の卿杜 水焚之卿杜,19,e,9,8(宝物堆),18c,2,
1e3,水焚の卿杜 水焚之卿杜,20,6,b,2b,28,,
1e3,水焚の卿杜 水焚之卿杜,21,7,e,2b,28,,
1e3,水焚の卿杜 水焚之卿杜,22,1,2,15,2,,
1e3,水焚の卿杜 水焚之卿杜,23,7,4,15,2,,
1e3,水焚の卿杜 水焚之卿杜,24,4,f,15,2,,
1e3,水焚の卿杜 水焚之卿杜,25,7,14,15,2,,
1e3,水焚の卿杜 水焚之卿杜,26,9,12,15,2,,
1e3,水焚の卿杜 水焚之卿杜,27,b,5,9,,,
1e3,水焚の卿杜 水焚之卿杜,28,f,7,9,,,
1e3,水焚の卿杜 水焚之卿杜,29,f,12,9,,,
1e3,水焚の卿杜 水焚之卿杜,30,4,14,5(刷怪旋涡),4,e,
1e3,水焚の卿杜 水焚之卿杜,31,b,f,f(治愈点),,,
1e3,水焚の卿杜 水焚之卿杜,32,b,14,f(治愈点),,,
1e3,水焚の卿杜 水焚之卿杜,33,a,d,15,2,,
1e3,水焚の卿杜 水焚之卿杜,34,c,15,15,2,,
1e3,水焚の卿杜 水焚之卿杜,35,d,9,15,2,,
1e4,レザァリグラ柱廊 雷扎里格拉柱廊,0,7,f,f(治愈点),,,
1e4,レザァリグラ柱廊 雷扎里格拉柱廊,1,7,f,10,,,
1e4,レザァリグラ柱廊 雷扎里格拉柱廊,2,5,13,1f(采集点),30,4,
1e4,レザァリグラ柱廊 雷扎里格拉柱廊,3,1,c,1f(采集点),30,4,
1e4,レザァリグラ柱廊 雷扎里格拉柱廊,4,d,5,20(挖掘点),30,6,
1e4,レザァリグラ柱廊 雷扎里格拉柱廊,5,1,5,20(挖掘点),30,6,
1e4,レザァリグラ柱廊 雷扎里格拉柱廊,6,d,11,20(挖掘点),30,5,
1e4,レザァリグラ柱廊 雷扎里格拉柱廊,7,4,8,1c,16,,
1e4,レザァリグラ柱廊 雷扎里格拉柱廊,8,a,c,1c,16,,
1e4,レザァリグラ柱廊 雷扎里格拉柱廊,9,b,6,1c,17,,
1e4,レザァリグラ柱廊 雷扎里格拉柱廊,10,4,11,1c,17,,
1e4,レザァリグラ柱廊 雷扎里格拉柱廊,11,1,e,7,8a4,1,
1e4,レザァリグラ柱廊 雷扎里格拉柱廊,12,1,f,e,,,
1e4,レザァリグラ柱廊 雷扎里格拉柱廊,13,8,12,8(宝物堆),131,1,
1e4,レザァリグラ柱廊 雷扎里格拉柱廊,14,9,12,8(宝物堆),189,3,
1e4,レザァリグラ柱廊 雷扎里格拉柱廊,15,2,b,2c,50,,
1e4,レザァリグラ柱廊 雷扎里格拉柱廊,16,c,8,12,2,,
1e4,レザァリグラ柱廊 雷扎里格拉柱廊,17,c,b,12,2,,
1e4,レザァリグラ柱廊 雷扎里格拉柱廊,18,5,12,12,2,,
1e4,レザァリグラ柱廊 雷扎里格拉柱廊,19,c,12,12,2,,
1e4,レザァリグラ柱廊 雷扎里格拉柱廊,20,2,13,f(治愈点),,,
1e4,レザァリグラ柱廊 雷扎里格拉柱廊,21,7,5,9,,,
1e4,レザァリグラ柱廊 雷扎里格拉柱廊,22,6,9,8(宝物堆),208,5,
1e4,レザァリグラ柱廊 雷扎里格拉柱廊,23,7,9,8(宝物堆),11f,1,
1e4,レザァリグラ柱廊 雷扎里格拉柱廊,24,8,9,8(宝物堆),202,4,
1e4,レザァリグラ柱廊 雷扎里格拉柱廊,25,2,5,8(宝物堆),187,3,
1e4,レザァリグラ柱廊 雷扎里格拉柱廊,26,8,5,7,20a,3,
1e4,レザァリグラ柱廊 雷扎里格拉柱廊,27,5,14,8(宝物堆),83e,1,
1e4,レザァリグラ柱廊 雷扎里格拉柱廊,28,b,d,8(宝物堆),226,2,
1e4,レザァリグラ柱廊 雷扎里格拉柱廊,29,3,6,12,2,,
1e4,レザァリグラ柱廊 雷扎里格拉柱廊,30,8,d,12,2,,
1e5,輝封廟門 辉封庙门,0,c,b,2(出击门),,,
1e5,輝封廟門 辉封庙门,1,6,5,2(出击门),2,,
1e5,輝封廟門 辉封庙门,2,12,5,2(出击门),2,,
1e5,輝封廟門 辉封庙门,3,c,14,f(治愈点),,,
1e5,輝封廟門 辉封庙门,4,c,14,10,,,
1e5,輝封廟門 辉封庙门,5,2,11,5(刷怪旋涡),3,10,
1e5,輝封廟門 辉封庙门,6,16,11,5(刷怪旋涡),3,10,
1e5,輝封廟門 辉封庙门,7,15,a,1f(采集点),31,5,
1e5,輝封廟門 辉封庙门,8,3,15,1f(采集点),31,6,
1e5,輝封廟門 辉封庙门,9,5,d,20(挖掘点),31,5,
1e5,輝封廟門 辉封庙门,10,11,b,20(挖掘点),31,5,
1e5,輝封廟門 辉封庙门,11,17,17,20(挖掘点),31,7,
1e5,輝封廟門 辉封庙门,12,16,18,20(挖掘点),31,6,
1e5,輝封廟門 辉封庙门,13,3,b,1c,16,,
1e5,輝封廟門 辉封庙门,14,7,b,1c,16,,
1e5,輝封廟門 辉封庙门,15,b,9,1c,17,,
1e5,輝封廟門 辉封庙门,16,f,7,1c,17,,
1e5,輝封廟門 辉封庙门,17,1,b,1c,17,,
1e5,輝封廟門 辉封庙门,18,11,17,1c,17,,
1e5,輝封廟門 辉封庙门,19,8,5,7,581,1,
1e5,輝封廟門 辉封庙门,20,9,7,7,d5,3,
1e5,輝封廟門 辉封庙门,21,16,1,7,455,1,
1e5,輝封廟門 辉封庙门,22,16,6,7,11d,1,
1e5,輝封廟門 辉封庙门,23,9,a,8(宝物堆),11b,2,
1e5,輝封廟門 辉封庙门,24,10,5,8(宝物堆),b02,1,
1e5,輝封廟門 辉封庙门,25,8,a,2b,28,,
1e5,輝封廟門 辉封庙门,26,10,a,2b,28,,
1e5,輝封廟門 辉封庙门,27,7,14,2b,28,,
1e5,輝封廟門 辉封庙门,28,11,14,2b,28,,
1e5,輝封廟門 辉封庙门,29,c,d,f(治愈点),,,
1e5,輝封廟門 辉封庙门,30,15,4,b,,,
1e5,輝封廟門 辉封庙门,31,c,4,9,,,
1e5,輝封廟門 辉封庙门,32,c,4,9,,,
1e5,輝封廟門 辉封庙门,33,12,9,21,25,,
1e5,輝封廟門 辉封庙门,34,3,2,7,96d,1,
1e5,輝封廟門 辉封庙门,35,3,7,f(治愈点),,,
1e5,輝封廟門 辉封庙门,36,15,7,f(治愈点),,,
1f5,神々の古戦場 诸神的古战场,0,8,9,10,,,
1f5,神々の古戦場 诸神的古战场,1,1,8,5(刷怪旋涡),5,8,
1f5,神々の古戦場 诸神的古战场,2,1,a,5(刷怪旋涡),5,8,
1f5,神々の古戦場 诸神的古战场,3,7,7,5(刷怪旋涡),3,c,
1f5,神々の古戦場 诸神的古战场,4,6,b,5(刷怪旋涡),4,9,
1f5,神々の古戦場 诸神的古战场,5,b,8,5(刷怪旋涡),3,c,
1f5,神々の古戦場 诸神的古战场,6,f,8,5(刷怪旋涡),6,7,
1f5,神々の古戦場 诸神的古战场,7,f,a,5(刷怪旋涡),4,9,
1f5,神々の古戦場 诸神的古战场,8,7,8,1f(采集点),32,7,
1f5,神々の古戦場 诸神的古战场,9,8,b,1f(采集点),32,6,
1f5,神々の古戦場 诸神的古战场,10,b,c,1f(采集点),32,5,
1f5,神々の古戦場 诸神的古战场,11,b,d,1f(采集点),32,5,
1f5,神々の古戦場 诸神的古战场,12,6,8,20(挖掘点),32,8,
1f5,神々の古戦場 诸神的古战场,13,5,a,20(挖掘点),32,7,
1f5,神々の古戦場 诸神的古战场,14,2,b,20(挖掘点),32,8,
1f5,神々の古戦場 诸神的古战场,15,2,7,1c,16,,
1f5,神々の古戦場 诸神的古战场,16,7,f,1c,16,,
1f5,神々の古戦場 诸神的古战场,17,a,c,1c,17,,
1f5,神々の古戦場 诸神的古战场,18,d,9,1c,17,,
1f5,神々の古戦場 诸神的古战场,19,7,a,7,5e5,1,
1f5,神々の古戦場 诸神的古战场,20,9,7,7,203,1,
1f5,神々の古戦場 诸神的古战场,21,4,d,8(宝物堆),6a3,2,
1f5,神々の古戦場 诸神的古战场,22,f,b,8(宝物堆),d4,1,
1f5,神々の古戦場 诸神的古战场,23,5,6,2c,50,,
1f5,神々の古戦場 诸神的古战场,24,7,c,2c,50,,
1f5,神々の古戦場 诸神的古战场,25,b,a,2c,50,,
1f5,神々の古戦場 诸神的古战场,26,5,c,16,2,,
1f5,神々の古戦場 诸神的古战场,27,9,a,16,2,,
1f5,神々の古戦場 诸神的古战场,28,c,6,16,2,,
1f5,神々の古戦場 诸神的古战场,29,6,7,f(治愈点),,,
1f5,神々の古戦場 诸神的古战场,30,9,c,f(治愈点),,,
209,ミストメリラクーナ 米斯特梅利拉库娜,0,10,8,2(出击门),,,
209,ミストメリラクーナ 米斯特梅利拉库娜,1,b,2,f(治愈点),,,
209,ミストメリラクーナ 米斯特梅利拉库娜,2,b,2,10,,,
209,ミストメリラクーナ 米斯特梅利拉库娜,3,5,e,f(治愈点),,,
209,ミストメリラクーナ 米斯特梅利拉库娜,4,5,e,10,,,
209,ミストメリラクーナ 米斯特梅利拉库娜,5,3,4,1c,16,,
209,ミストメリラクーナ 米斯特梅利拉库娜,6,10,2,1c,16,,
209,ミストメリラクーナ 米斯特梅利拉库娜,7,2,b,1c,16,,
209,ミストメリラクーナ 米斯特梅利拉库娜,8,3,10,1c,17,,
209,ミストメリラクーナ 米斯特梅利拉库娜,9,a,d,1c,17,,
209,ミストメリラクーナ 米斯特梅利拉库娜,10,d,c,7,51c,1,
209,ミストメリラクーナ 米斯特梅利拉库娜,11,b,3,7,119,3,
209,ミストメリラクーナ 米斯特梅利拉库娜,12,1,e,7,d4,2,
209,ミストメリラクーナ 米斯特梅利拉库娜,13,8,1,2c,50,,
209,ミストメリラクーナ 米斯特梅利拉库娜,14,a,10,8(宝物堆),188,2,
209,ミストメリラクーナ 米斯特梅利拉库娜,15,1,8,2c,50,,
209,ミストメリラクーナ 米斯特梅利拉库娜,16,7,11,2c,50,,
209,ミストメリラクーナ 米斯特梅利拉库娜,17,9,a,42,,,
209,ミストメリラクーナ 米斯特梅利拉库娜,18,d,10,f(治愈点),,,
209,ミストメリラクーナ 米斯特梅利拉库娜,19,2,c,f(治愈点),,,
21d,破炎浄化の城 破炎净化之城,0,b,1,1c,,,
21d,破炎浄化の城 破炎净化之城,1,2,5,1c,27,,
21d,破炎浄化の城 破炎净化之城,2,9,c,1c,27,,
21d,破炎浄化の城 破炎净化之城,3,4,4,22,,,
21d,破炎浄化の城 破炎净化之城,4,a,a,22,,,
21d,破炎浄化の城 破炎净化之城,5,7,d,9,,,
21d,破炎浄化の城 破炎净化之城,6,7,a,f(治愈点),,,
21d,破炎浄化の城 破炎净化之城,7,7,b,22,,,
21d,破炎浄化の城 破炎净化之城,8,d,5,7,841,1,
21d,破炎浄化の城 破炎净化之城,9,2,b,7,9cb,1,
21d,破炎浄化の城 破炎净化之城,10,5,9,8(宝物堆),18a,3,
21d,破炎浄化の城 破炎净化之城,11,5,c,5(刷怪旋涡),3,8,
21d,破炎浄化の城 破炎净化之城,12,9,b,5(刷怪旋涡),3,8,
21d,破炎浄化の城 破炎净化之城,13,c,5,5(刷怪旋涡),2,10,
21d,破炎浄化の城 破炎净化之城,14,1,6,5(刷怪旋涡),5,4,
21d,破炎浄化の城 破炎净化之城,15,4,9,2(出击门),2,,
21d,破炎浄化の城 破炎净化之城,16,a,9,2(出击门),2,,
21e,追憶の広場 追忆的广场,0,5,b,10,,,
21e,追憶の広場 追忆的广场,1,f,1,1c,27,,
21e,追憶の広場 追忆的广场,2,f,5,1c,27,,
21e,追憶の広場 追忆的广场,3,4,11,1c,27,,
21e,追憶の広場 追忆的广场,4,2,4,1c,27,,
21e,追憶の広場 追忆的广场,5,6,f,1c,27,,
21e,追憶の広場 追忆的广场,6,b,1,22,,,
21e,追憶の広場 追忆的广场,7,10,9,22,,,
21e,追憶の広場 追忆的广场,8,1,a,22,,,
21e,追憶の広場 追忆的广场,9,f,2,9,,,
21e,追憶の広場 追忆的广场,10,10,5,9,,,
21e,追憶の広場 追忆的广场,11,4,12,9,,,
21e,追憶の広場 追忆的广场,12,e,2,b,,,
21e,追憶の広場 追忆的广场,13,10,6,b,,,
21e,追憶の広場 追忆的广场,14,3,12,b,,,
21e,追憶の広場 追忆的广场,15,b,3,11,2,,
21e,追憶の広場 追忆的广场,16,b,5,11,2,,
21e,追憶の広場 追忆的广场,17,e,9,11,2,,
21e,追憶の広場 追忆的广场,18,c,9,11,2,,
21e,追憶の広場 追忆的广场,19,1,d,11,2,,
21e,追憶の広場 追忆的广场,20,1,f,11,2,,
21e,追憶の広場 追忆的广场,21,3,7,5(刷怪旋涡),2,14,
21e,追憶の広場 追忆的广场,22,7,7,5(刷怪旋涡),3,f,
21e,追憶の広場 追忆的广场,23,8,11,f(治愈点),,,
21e,追憶の広場 追忆的广场,24,c,1,2(出击门),2,,
21e,追憶の広場 追忆的广场,25,e,7,2(出击门),2,,
21e,追憶の広場 追忆的广场,26,2,10,2(出击门),2,,
21e,追憶の広場 追忆的广场,27,6,b,13,2,,
21e,追憶の広場 追忆的广场,28,9,10,13,2,,
21e,追憶の広場 追忆的广场,29,8,e,17(陷阱),2,,
21e,追憶の広場 追忆的广场,30,4,d,17(陷阱),2,,
21e,追憶の広場 追忆的广场,31,8,12,17(陷阱),2,,
321,城砦跡地 城砦遗迹地,0,1,5,1f(采集点),6,,
321,城砦跡地 城砦遗迹地,1,1,6,20(挖掘点),9,4,
321,城砦跡地 城砦遗迹地,2,2,6,20(挖掘点),a,4,
321,城砦跡地 城砦遗迹地,3,3,8,8(宝物堆),af3,1,
321,城砦跡地 城砦遗迹地,4,6,8,8(宝物堆),4af,3,
321,城砦跡地 城砦遗迹地,5,7,3,8(宝物堆),187,5,
321,城砦跡地 城砦遗迹地,6,5,5,f(治愈点),,,
321,城砦跡地 城砦遗迹地,7,5,5,10,,,
321,城砦跡地 城砦遗迹地,8,4,1,60(女神卡),,,
321,城砦跡地 城砦遗迹地,9,7,1,60(女神卡),,,
321,城砦跡地 城砦遗迹地,10,1,4,60(女神卡),,,
321,城砦跡地 城砦遗迹地,11,2,8,60(女神卡),,,
35d,夜の広場１ 夜之广场１,0,1,3,5(刷怪旋涡),3,3,
35d,夜の広場１ 夜之广场１,1,9,7,8(宝物堆),259,f,
35d,夜の広場１ 夜之广场１,2,9,9,8(宝物堆),121,1,
35f,夜の広場３ 夜之广场３,0,1,3,8(宝物堆),2,,
35f,夜の広場３ 夜之广场３,1,9,7,8(宝物堆),c9,14,
35f,夜の広場３ 夜之广场３,2,9,9,8(宝物堆),120,1,
35f,夜の広場３ 夜之广场３,3,2,8,5(刷怪旋涡),3,3,
35f,夜の広場３ 夜之广场３,4,8,2,5(刷怪旋涡),3,3,
35f,夜の広場３ 夜之广场３,5,1,2,5(刷怪旋涡),3,3,
35f,夜の広場３ 夜之广场３,6,9,8,5(刷怪旋涡),3,3,
35f,夜の広場３ 夜之广场３,7,2,5,8(宝物堆),11f,5,
35f,夜の広場３ 夜之广场３,8,2,7,8(宝物堆),25a,5,
35f,夜の広場３ 夜之广场３,9,3,8,8(宝物堆),25b,5,
35f,夜の広場３ 夜之广场３,10,5,8,8(宝物堆),14c,1,
35f,夜の広場３ 夜之广场３,11,8,5,8(宝物堆),d4,1,
35f,夜の広場３ 夜之广场３,12,8,3,8(宝物堆),25c,5,
35f,夜の広場３ 夜之广场３,13,7,2,8(宝物堆),25d,5,
35f,夜の広場３ 夜之广场３,14,5,2,8(宝物堆),18c,3,
385,夜の裏路地 夜之小巷,0,b,5,24,,,
385,夜の裏路地 夜之小巷,1,e,1,8(宝物堆),c9,a,
386,城砦野営地付近 城砦野营地附近,0,9,1,1a,,,
386,城砦野営地付近 城砦野营地附近,1,9,7,1a,2,,
386,城砦野営地付近 城砦野营地附近,2,d,3,1a,2,,
386,城砦野営地付近 城砦野营地附近,3,d,5,1a,2,,
386,城砦野営地付近 城砦野营地附近,4,a,3,17(陷阱),,,
386,城砦野営地付近 城砦野营地附近,5,9,4,17(陷阱),,,
386,城砦野営地付近 城砦野营地附近,6,8,5,17(陷阱),,,
386,城砦野営地付近 城砦野营地附近,7,e,4,8(宝物堆),187,5,
386,城砦野営地付近 城砦野营地附近,8,3,4,f(治愈点),,,
386,城砦野営地付近 城砦野营地附近,9,3,4,10,,,
386,城砦野営地付近 城砦野营地附近,10,6,4,f(治愈点),,,
387,砂蛍渓谷 砂萤溪谷,0,d,5,1a,4,3,
387,砂蛍渓谷 砂萤溪谷,1,d,9,1a,2,4,3
387,砂蛍渓谷 砂萤溪谷,2,a,a,1a,2,4,3
387,砂蛍渓谷 砂萤溪谷,3,5,b,1a,2,4,3
387,砂蛍渓谷 砂萤溪谷,4,4,d,1a,2,4,3
387,砂蛍渓谷 砂萤溪谷,5,7,d,1a,2,4,3
388,グルーリャ城壁 古鲁利亚城壁,0,10,3,1a,8,5,
388,グルーリャ城壁 古鲁利亚城壁,1,10,b,1a,2,8,5
388,グルーリャ城壁 古鲁利亚城壁,2,11,5,1a,2,7,6
388,グルーリャ城壁 古鲁利亚城壁,3,11,9,1a,2,7,6
388,グルーリャ城壁 古鲁利亚城壁,4,8,2,1c,7,,
388,グルーリャ城壁 古鲁利亚城壁,5,f,2,1c,7,,
388,グルーリャ城壁 古鲁利亚城壁,6,8,c,1c,7,,
388,グルーリャ城壁 古鲁利亚城壁,7,f,c,1c,7,,
388,グルーリャ城壁 古鲁利亚城壁,8,5,7,f(治愈点),,,
388,グルーリャ城壁 古鲁利亚城壁,9,5,7,10,,,
388,グルーリャ城壁 古鲁利亚城壁,10,d,1,2(出击门),1,,
388,グルーリャ城壁 古鲁利亚城壁,11,b,7,f(治愈点),,,
389,魔人墓楼・最奥部 魔人墓楼・最深处,0,3,5,1c,,,
389,魔人墓楼・最奥部 魔人墓楼・最深处,1,9,6,1c,d,,
389,魔人墓楼・最奥部 魔人墓楼・最深处,2,5,5,f(治愈点),,,
38a,死沼の入口 死沼的入口,0,4,5,f(治愈点),,,
38b,心学の村 心学之村,0,d,c,5(刷怪旋涡),4,7,
38b,心学の村 心学之村,1,3,6,1c,e,,
38b,心学の村 心学之村,2,6,a,1c,e,,
38b,心学の村 心学之村,3,b,8,1c,f,,
38b,心学の村 心学之村,4,7,8,f(治愈点),,,
38c,胴部第三層区域 躯干第三层区域,0,c,5,5(刷怪旋涡),6,7,
38c,胴部第三層区域 躯干第三层区域,1,c,6,5(刷怪旋涡),5,8,
38c,胴部第三層区域 躯干第三层区域,2,c,9,5(刷怪旋涡),4,a,
38c,胴部第三層区域 躯干第三层区域,3,c,b,5(刷怪旋涡),4,a,
38c,胴部第三層区域 躯干第三层区域,4,c,e,5(刷怪旋涡),5,8,
38c,胴部第三層区域 躯干第三层区域,5,c,f,5(刷怪旋涡),6,7,
38c,胴部第三層区域 躯干第三层区域,6,10,1,5(刷怪旋涡),6,7,
38c,胴部第三層区域 躯干第三层区域,7,10,3,5(刷怪旋涡),6,7,
38c,胴部第三層区域 躯干第三层区域,8,11,9,5(刷怪旋涡),8,5,
38c,胴部第三層区域 躯干第三层区域,9,11,b,5(刷怪旋涡),8,5,
38c,胴部第三層区域 躯干第三层区域,10,10,11,5(刷怪旋涡),6,7,
38c,胴部第三層区域 躯干第三层区域,11,10,13,5(刷怪旋涡),6,7,
38c,胴部第三層区域 躯干第三层区域,12,7,1,1c,20,,
38c,胴部第三層区域 躯干第三层区域,13,b,a,1c,20,,
38c,胴部第三層区域 躯干第三层区域,14,2,e,1c,20,,
38c,胴部第三層区域 躯干第三层区域,15,6,13,1c,20,,
38c,胴部第三層区域 躯干第三层区域,16,e,1,15,,,
38c,胴部第三層区域 躯干第三层区域,17,9,2,15,,,
38c,胴部第三層区域 躯干第三层区域,18,6,5,15,,,
38c,胴部第三層区域 躯干第三层区域,19,2,6,15,,,
38c,胴部第三層区域 躯干第三层区域,20,7,6,15,,,
38c,胴部第三層区域 躯干第三层区域,21,6,f,15,,,
38c,胴部第三層区域 躯干第三层区域,22,d,c,15,,,
38c,胴部第三層区域 躯干第三层区域,23,7,e,15,,,
38c,胴部第三層区域 躯干第三层区域,24,8,11,15,,,
38c,胴部第三層区域 躯干第三层区域,25,d,12,15,,,
38c,胴部第三層区域 躯干第三层区域,26,3,e,15,,,
38c,胴部第三層区域 躯干第三层区域,27,10,8,15,,,
38c,胴部第三層区域 躯干第三层区域,28,9,9,15,,,
38c,胴部第三層区域 躯干第三层区域,29,9,13,15,,,
38c,胴部第三層区域 躯干第三层区域,30,c,a,15,,,
38c,胴部第三層区域 躯干第三层区域,31,10,2,7,3f1,1,
38c,胴部第三層区域 躯干第三层区域,32,10,12,7,775,1,
38c,胴部第三層区域 躯干第三层区域,33,11,8,8(宝物堆),11d,2,
38c,胴部第三層区域 躯干第三层区域,34,11,c,8(宝物堆),120,2,
38c,胴部第三層区域 躯干第三层区域,35,11,a,10,,,
38d,雲海城砦 云海城砦,0,6,c,1c,,,
38d,雲海城砦 云海城砦,1,e,8,1c,11,,
38e,竜閣の強襲路 龙阁强袭路,0,b,7,2(出击门),,,
38e,竜閣の強襲路 龙阁强袭路,1,5,a,5(刷怪旋涡),4,a,
38e,竜閣の強襲路 龙阁强袭路,2,3,6,1c,10,,
38e,竜閣の強襲路 龙阁强袭路,3,4,c,1c,10,,
38e,竜閣の強襲路 龙阁强袭路,4,8,d,1c,11,,
38e,竜閣の強襲路 龙阁强袭路,5,2,1,6,6,1,
38e,竜閣の強襲路 龙阁强袭路,6,5,1,6,2,4,
38e,竜閣の強襲路 龙阁强袭路,7,8,a,18,2,,
38e,竜閣の強襲路 龙阁强袭路,8,7,c,19,2,,
38e,竜閣の強襲路 龙阁强袭路,9,5,d,19,2,,
38e,竜閣の強襲路 龙阁强袭路,10,2,a,22,,,
38f,頭部防衛区域 头部防卫区域,0,3,e,1a,5,6,
38f,頭部防衛区域 头部防卫区域,1,5,e,1a,2,5,6
38f,頭部防衛区域 头部防卫区域,2,7,e,1a,2,5,6
38f,頭部防衛区域 头部防卫区域,3,1,4,1c,27,,
38f,頭部防衛区域 头部防卫区域,4,6,9,1c,27,,
38f,頭部防衛区域 头部防卫区域,5,3,c,1c,27,,
38f,頭部防衛区域 头部防卫区域,6,2,9,7,5e4,1,
38f,頭部防衛区域 头部防卫区域,7,8,9,7,6aa,1,
390,後部防衛区域 后部防卫区域,0,b,4,1a,3,a,
390,後部防衛区域 后部防卫区域,1,b,8,1a,2,3,a
390,後部防衛区域 后部防卫区域,2,f,5,1a,2,,
390,後部防衛区域 后部防卫区域,3,f,6,1a,2,,
390,後部防衛区域 后部防卫区域,4,f,7,1a,2,,
390,後部防衛区域 后部防卫区域,5,1,4,1c,27,,
390,後部防衛区域 后部防卫区域,6,7,5,1c,27,,
390,後部防衛区域 后部防卫区域,7,d,8,1c,27,,
390,後部防衛区域 后部防卫区域,8,3,6,f(治愈点),,,
391,天の棺橋 天之棺桥,0,4,d,1c,,,
394,神殿係留地 神殿停泊地,0,b,18,2(出击门),,,
394,神殿係留地 神殿停泊地,1,9,c,f(治愈点),,,
394,神殿係留地 神殿停泊地,2,9,c,10,,,
394,神殿係留地 神殿停泊地,3,8,1,1c,14,,
394,神殿係留地 神殿停泊地,4,c,b,1c,14,,
394,神殿係留地 神殿停泊地,5,1,c,1c,14,,
394,神殿係留地 神殿停泊地,6,7,10,1c,15,,
394,神殿係留地 神殿停泊地,7,7,18,1c,15,,
394,神殿係留地 神殿停泊地,8,c,5,9,,,
394,神殿係留地 神殿停泊地,9,3,c,9,,,
394,神殿係留地 神殿停泊地,10,7,6,1a,2,2,5
394,神殿係留地 神殿停泊地,11,5,f,1a,2,4,6
394,神殿係留地 神殿停泊地,12,7,15,1a,2,3,5
394,神殿係留地 神殿停泊地,13,6,4,f(治愈点),,,
394,神殿係留地 神殿停泊地,14,6,12,f(治愈点),,,
394,神殿係留地 神殿停泊地,15,6,12,10,,,
394,神殿係留地 神殿停泊地,16,c,7,22,,,
394,神殿係留地 神殿停泊地,17,3,e,22,,,
394,神殿係留地 神殿停泊地,18,a,14,22,,,
394,神殿係留地 神殿停泊地,19,e,5,1a,2,2,6
394,神殿係留地 神殿停泊地,20,e,6,1a,2,1,4
394,神殿係留地 神殿停泊地,21,e,2,7,519,1,
394,神殿係留地 神殿停泊地,22,d,a,8(宝物堆),d3,1,
394,神殿係留地 神殿停泊地,23,7,a,1a,2,2,4
394,神殿係留地 神殿停泊地,24,8,a,1a,2,2,4
394,神殿係留地 神殿停泊地,25,b,13,1a,2,2,4
394,神殿係留地 神殿停泊地,26,c,13,1a,2,2,4
394,神殿係留地 神殿停泊地,27,d,13,1a,2,2,4
394,神殿係留地 神殿停泊地,28,8,c,17(陷阱),2,,
394,神殿係留地 神殿停泊地,29,8,19,17(陷阱),2,,
394,神殿係留地 神殿停泊地,30,b,8,18,2,,
394,神殿係留地 神殿停泊地,31,8,13,18,2,,
394,神殿係留地 神殿停泊地,32,a,16,19,2,,
394,神殿係留地 神殿停泊地,33,4,5,19,2,,
395,グアミウロスの巣 古阿米乌罗斯之巢,0,9,5,5(刷怪旋涡),4,3,
395,グアミウロスの巣 古阿米乌罗斯之巢,1,b,6,5(刷怪旋涡),5,3,
395,グアミウロスの巣 古阿米乌罗斯之巢,2,1,6,8(宝物堆),cd,5,
395,グアミウロスの巣 古阿米乌罗斯之巢,3,2,6,8(宝物堆),c9,1e,
395,グアミウロスの巣 古阿米乌罗斯之巢,4,a,1,8(宝物堆),b01,1,
395,グアミウロスの巣 古阿米乌罗斯之巢,5,8,7,8(宝物堆),187,3,
396,解放すべき神の途 应解放的神之途,0,f,7,5(刷怪旋涡),4,6,
396,解放すべき神の途 应解放的神之途,1,f,8,5(刷怪旋涡),2,a,
396,解放すべき神の途 应解放的神之途,2,3,a,5(刷怪旋涡),6,8,
396,解放すべき神の途 应解放的神之途,3,5,a,5(刷怪旋涡),4,c,
396,解放すべき神の途 应解放的神之途,4,13,a,5(刷怪旋涡),5,c,
396,解放すべき神の途 应解放的神之途,5,15,a,5(刷怪旋涡),7,8,
396,解放すべき神の途 应解放的神之途,6,b,13,5(刷怪旋涡),2,f,
396,解放すべき神の途 应解放的神之途,7,c,13,5(刷怪旋涡),4,8,
396,解放すべき神の途 应解放的神之途,8,d,13,5(刷怪旋涡),3,a,
396,解放すべき神の途 应解放的神之途,9,2,15,5(刷怪旋涡),4,8,
396,解放すべき神の途 应解放的神之途,10,2,17,5(刷怪旋涡),4,8,
396,解放すべき神の途 应解放的神之途,11,4,17,5(刷怪旋涡),3,8,
396,解放すべき神の途 应解放的神之途,12,14,17,5(刷怪旋涡),2,8,
396,解放すべき神の途 应解放的神之途,13,16,15,5(刷怪旋涡),4,8,
396,解放すべき神の途 应解放的神之途,14,16,17,5(刷怪旋涡),2,8,
396,解放すべき神の途 应解放的神之途,15,c,10,f(治愈点),,,
396,解放すべき神の途 应解放的神之途,16,c,18,f(治愈点),,,
396,解放すべき神の途 应解放的神之途,17,c,14,2(出击门),2,,
396,解放すべき神の途 应解放的神之途,18,2,b,8(宝物堆),119,3,
396,解放すべき神の途 应解放的神之途,19,1,16,1c,16,,
396,解放すべき神の途 应解放的神之途,20,16,b,1c,16,,
396,解放すべき神の途 应解放的神之途,21,17,16,8(宝物堆),11b,2,
396,解放すべき神の途 应解放的神之途,22,c,a,2(出击门),2,,
396,解放すべき神の途 应解放的神之途,23,4,b,9,,,
396,解放すべき神の途 应解放的神之途,24,3,16,9,,,
396,解放すべき神の途 应解放的神之途,25,14,b,9,,,
396,解放すべき神の途 应解放的神之途,26,15,16,9,,,
396,解放すべき神の途 应解放的神之途,27,4,b,43,,,
396,解放すべき神の途 应解放的神之途,28,3,16,43,,,
396,解放すべき神の途 应解放的神之途,29,14,b,43,,,
396,解放すべき神の途 应解放的神之途,30,15,16,43,,,
396,解放すべき神の途 应解放的神之途,31,9,11,2c,50,,
396,解放すべき神の途 应解放的神之途,32,f,17,2c,50,,
396,解放すべき神の途 应解放的神之途,33,8,1d,2c,50,,
396,解放すべき神の途 应解放的神之途,34,9,d,12,2,,
396,解放すべき神の途 应解放的神之途,35,8,15,12,2,,
396,解放すべき神の途 应解放的神之途,36,11,1b,12,2,,
396,解放すべき神の途 应解放的神之途,37,11,c,12,2,,
396,解放すべき神の途 应解放的神之途,38,d,10,13,2,,
396,解放すべき神の途 应解放的神之途,39,11,17,13,2,,
396,解放すべき神の途 应解放的神之途,40,6,1c,13,2,,
396,解放すべき神の途 应解放的神之途,41,13,11,13,2,,
396,解放すべき神の途 应解放的神之途,42,b,16,13,2,,